timestamp_sec,source,value1,value2
317.721649,laser,0,
317.723266,tfmini,241,1861
317.725830,tfmini,264,1815
317.736663,tfmini,286,5698
317.740020,tfmini,286,5691
317.752349,tfmini,286,5690
317.761535,tfmini,286,5691
317.768981,tfmini,286,5695
317.771881,tfmini,286,5707
317.782440,tfmini,286,5711
317.786743,tfmini,286,5710
317.796936,tfmini,286,5699
317.805358,tfmini,286,5712
317.809661,tfmini,286,5694
317.814636,tfmini,286,5697
317.827758,tfmini,286,5697
317.835327,tfmini,286,5703
317.844940,tfmini,286,5693
317.846435,tfmini,286,5693
317.848968,tfmini,286,5688
317.883422,tfmini,286,5696
317.891998,tfmini,286,39177
317.899078,tfmini,286,5689
317.900604,tfmini,286,39225
317.909332,tfmini,286,5715
317.912841,tfmini,286,5705
317.918395,tfmini,286,22922
317.920562,tfmini,286,5709
317.922637,tfmini,286,5702
317.930969,tfmini,286,5706
317.937377,tfmini,286,5694
317.942443,tfmini,286,5701
317.944000,tfmini,286,5701
317.945495,tfmini,286,5708
317.950561,tfmini,286,5704
317.952606,tfmini,286,5690
317.954132,tfmini,286,5706
317.965637,tfmini,286,5699
317.974334,tfmini,286,35651
317.979583,tfmini,286,5702
317.982086,tfmini,286,5700
317.987640,tfmini,286,5687
317.990509,tfmini,286,22937
317.993591,tfmini,286,5639
317.999603,tfmini,5406,22937
318.023345,tfmini,286,5624
318.024871,tfmini,286,5624
318.033203,tfmini,8089,4865
318.037811,tfmini,286,5675
318.044738,tfmini,286,5709
318.051635,tfmini,286,5703
318.053802,tfmini,286,5699
318.055358,tfmini,286,5699
318.057830,tfmini,286,5690
318.065673,tfmini,286,5698
318.090698,tfmini,286,5702
318.109588,tfmini,286,5716
318.118682,tfmini,286,5703
318.120178,tfmini,286,5703
318.128967,tfmini,7769,21249
318.131469,tfmini,286,5709
318.143066,tfmini,286,5706
318.149749,tfmini,286,5712
318.152252,tfmini,286,5718
318.171081,tfmini,286,5714
318.174652,tfmini,286,5715
318.193664,tfmini,286,5718
318.208862,tfmini,286,5706
318.213409,tfmini,286,5723
318.217163,tfmini,286,5714
318.220764,tfmini,286,5721
318.222656,tfmini,7833,38657
318.225982,tfmini,22814,7833
318.248474,tfmini,286,5730
318.251068,tfmini,286,5723
318.272338,tfmini,286,5736
318.275939,tfmini,286,5724
318.287353,tfmini,286,5724
318.291687,tfmini,286,5727
318.296630,tfmini,286,5712
318.299163,tfmini,286,5738
318.300659,tfmini,286,39257
318.302642,tfmini,286,5744
318.315826,tfmini,286,5729
318.326965,tfmini,286,5726
318.332153,tfmini,286,5723
318.346557,tfmini,286,5691
318.349060,tfmini,286,5706
318.351562,tfmini,286,5714
318.368652,tfmini,286,5733
318.406890,tfmini,285,5739
318.413299,tfmini,285,5730
318.416625,tfmini,285,5736
318.419281,tfmini,285,5738
318.424438,tfmini,286,5735
318.444183,tfmini,286,5735
318.448516,tfmini,286,5750
318.451080,tfmini,285,5749
318.459228,tfmini,2078,39257
318.483520,tfmini,286,5738
318.497833,tfmini,286,5753
318.506408,tfmini,39169,7769
318.513092,tfmini,286,5738
318.514678,tfmini,286,5748
318.516662,tfmini,286,5729
318.526580,tfmini,286,5757
318.530792,tfmini,286,5739
318.535125,tfmini,285,39257
318.542572,tfmini,286,5736
318.550537,tfmini,285,39269
318.560028,tfmini,286,5738
318.567626,tfmini,286,5729
318.581207,tfmini,286,5738
318.584777,tfmini,286,5739
318.589111,tfmini,286,5740
318.616882,tfmini,285,5747
318.622558,tfmini,285,5745
318.632385,tfmini,286,5737
318.646331,tfmini,286,5755
318.647827,tfmini,286,5755
318.656433,tfmini,286,5741
318.658813,tfmini,286,5739
318.661468,tfmini,286,5750
318.666259,tfmini,286,5757
318.667785,tfmini,286,39273
318.673400,tfmini,286,5740
318.679656,tfmini,286,5744
318.688385,tfmini,286,5749
318.704772,tfmini,286,5745
318.712219,tfmini,286,5746
318.713745,tfmini,286,2418
318.715911,tfmini,286,5752
318.729797,tfmini,286,5741
318.739715,tfmini,286,5758
318.746948,tfmini,286,5755
318.748443,tfmini,286,22816
318.757568,tfmini,286,5633
318.765167,tfmini,286,5738
318.768188,tfmini,286,5750
318.790252,tfmini,286,5748
318.791748,tfmini,286,5753
318.809844,tfmini,286,5741
318.826690,tfmini,286,5747
318.831146,tfmini,285,5748
318.835723,tfmini,286,5743
318.843597,tfmini,286,5753
318.846588,tfmini,286,5746
318.852722,tfmini,286,22806
318.857330,tfmini,286,5745
318.860839,tfmini,286,5749
318.863800,tfmini,286,5754
318.875305,tfmini,286,5748
318.877838,tfmini,286,5745
318.894287,tfmini,285,5753
318.896759,tfmini,285,5749
318.903167,tfmini,286,2682
318.906616,tfmini,286,5633
318.911285,tfmini,286,5749
318.941680,tfmini,286,5754
318.945312,tfmini,286,5745
318.947814,tfmini,285,5633
318.950439,tfmini,285,5636
318.958465,tfmini,285,39257
318.960540,tfmini,285,5756
318.966339,tfmini,285,5756
318.980285,tfmini,285,5753
318.986816,tfmini,286,5642
318.997406,tfmini,286,5640
319.004028,tfmini,286,5749
319.007995,tfmini,285,5747
319.018035,tfmini,285,5635
319.025695,tfmini,285,5756
319.027954,tfmini,285,5641
319.035614,tfmini,285,5665
319.039581,tfmini,285,5643
319.051300,tfmini,285,5666
319.057525,tfmini,285,5663
319.061798,tfmini,285,5668
319.064331,tfmini,285,5656
319.067413,tfmini,285,5668
319.069824,tfmini,285,5678
319.075103,tfmini,285,5683
319.086853,tfmini,285,5838
319.095886,tfmini,285,5851
319.104705,tfmini,284,5853
319.106231,tfmini,284,5853
319.137786,tfmini,283,5635
319.142028,tfmini,283,5748
319.164001,tfmini,283,5753
319.168579,tfmini,283,5758
319.175628,tfmini,283,5749
319.193969,tfmini,283,5755
319.198425,tfmini,283,5638
319.204467,tfmini,283,5755
319.207489,tfmini,283,5649
319.214263,tfmini,283,5652
319.222412,tfmini,284,39383
319.231933,tfmini,284,5871
319.237182,tfmini,284,5882
319.251251,tfmini,286,5679
319.276428,tfmini,286,5682
319.284851,tfmini,5662,39321
319.301239,tfmini,286,5668
319.303619,tfmini,286,5680
319.306060,tfmini,286,5689
319.312500,tfmini,286,5693
319.323944,tfmini,286,5683
319.326385,tfmini,286,5675
319.327972,tfmini,286,5686
319.332550,tfmini,286,5684
319.334564,tfmini,286,5670
319.337463,tfmini,5663,22873
319.340484,tfmini,286,5679
319.345306,tfmini,286,5669
319.348785,tfmini,286,5680
319.354217,tfmini,286,5676
319.361968,tfmini,286,22825
319.370361,tfmini,286,5667
319.376739,tfmini,286,5662
319.386413,tfmini,286,5668
319.404571,tfmini,286,5685
319.408050,tfmini,286,5660
319.410430,tfmini,286,5675
319.419982,tfmini,286,5670
319.425537,tfmini,286,5669
319.428161,tfmini,286,5668
319.448852,tfmini,286,5664
319.473724,tfmini,286,5668
319.482788,tfmini,286,5663
319.491149,tfmini,286,22825
319.503479,tfmini,285,5646
319.513397,tfmini,286,5652
319.515777,tfmini,286,5643
319.518371,tfmini,286,5641
319.519897,tfmini,286,5641
319.523986,tfmini,286,5644
319.525573,tfmini,2334,39321
319.540985,tfmini,286,5654
319.559967,tfmini,286,5647
319.561462,tfmini,286,5641
319.564971,tfmini,286,5653
319.571441,tfmini,286,5633
319.585540,tfmini,286,5747
319.592895,tfmini,286,5642
319.596252,tfmini,286,5637
319.604980,tfmini,286,5632
319.606536,tfmini,286,5632
319.610931,tfmini,286,5637
319.614532,tfmini,4638,8214
319.617919,tfmini,286,5638
319.624908,tfmini,286,5636
319.639404,tfmini,286,5749
319.676849,tfmini,285,5713
319.680389,tfmini,285,5704
319.682891,tfmini,285,5713
319.695953,tfmini,285,5712
319.697479,tfmini,285,5712
319.699035,tfmini,285,5693
319.701507,tfmini,285,5708
319.704071,tfmini,286,5704
319.707641,tfmini,286,5722
319.711090,tfmini,286,5712
319.716033,tfmini,285,5719
319.718902,tfmini,285,5688
319.727233,tfmini,2334,55705
319.747528,tfmini,285,5696
319.749969,tfmini,286,5673
319.762329,tfmini,285,5683
319.769653,tfmini,285,5658
319.778839,tfmini,285,5648
319.783203,tfmini,285,5669
319.785430,tfmini,285,5669
319.790130,tfmini,285,5656
319.792602,tfmini,285,39185
319.795288,tfmini,285,5643
319.797790,tfmini,285,5659
319.800323,tfmini,285,39193
319.808929,tfmini,285,5646
319.814331,tfmini,285,5630
319.815856,tfmini,285,5637
319.838775,tfmini,284,5588
319.846130,tfmini,284,5574
319.862243,tfmini,283,5493
319.865722,tfmini,283,5487
319.875885,tfmini,282,5404
319.881164,tfmini,281,5344
319.889038,tfmini,280,5146
319.892059,tfmini,280,5125
319.893585,tfmini,279,5223
319.898529,tfmini,279,5165
319.900878,tfmini,278,5148
319.909088,tfmini,274,39174
319.929870,tfmini,239,3697
319.944885,tfmini,3,712
319.951171,tfmini,1,805
319.953155,laser,866,
319.954711,tfmini,1,775
319.960021,tfmini,1,286
319.970764,tfmini,133,1904
319.981628,tfmini,290,1852
320.005249,tfmini,290,1838
320.013732,tfmini,290,1838
320.015960,tfmini,290,1832
320.020416,tfmini,290,1837
320.027770,tfmini,290,1847
320.029754,tfmini,290,1847
320.043212,tfmini,291,1843
320.044738,tfmini,290,1843
320.055114,tfmini,290,1841
320.073028,tfmini,290,1839
320.074523,tfmini,290,1839
320.076110,tfmini,290,1850
320.077575,tfmini,290,1850
320.105621,tfmini,290,1834
320.108215,tfmini,290,1824
320.111724,tfmini,290,1838
320.117248,tfmini,290,1839
320.142395,tfmini,289,1839
320.146911,tfmini,290,1824
320.152221,tfmini,290,1838
320.162017,tfmini,289,1840
320.167572,tfmini,290,1833
320.177032,tfmini,290,1840
320.180389,tfmini,290,1841
320.188690,tfmini,22785,8793
320.191680,tfmini,289,1997
320.197235,tfmini,289,1839
320.206787,tfmini,290,1843
320.209289,tfmini,290,1834
320.211761,tfmini,290,1850
320.214385,tfmini,290,1844
320.217010,tfmini,290,12074
320.221618,tfmini,12066,39257
320.233459,tfmini,289,1840
320.237915,tfmini,289,1844
320.241516,tfmini,289,1838
320.245697,tfmini,290,1843
320.251831,tfmini,289,1835
320.253387,tfmini,289,1835
320.254913,tfmini,289,22835
320.282623,tfmini,290,1848
320.287048,tfmini,290,1841
320.288574,tfmini,290,1832
320.296051,tfmini,290,1841
320.315917,tfmini,290,1838
320.318389,tfmini,291,1834
320.326965,tfmini,290,1844
320.330566,tfmini,290,1842
320.353851,tfmini,291,1830
320.362915,tfmini,291,1841
320.368347,tfmini,291,1848
320.387512,tfmini,290,1834
320.396148,tfmini,290,1853
320.398681,tfmini,290,1828
320.403228,tfmini,290,1842
320.415313,tfmini,290,1847
320.416839,tfmini,290,1843
320.423278,tfmini,290,1835
320.425842,tfmini,8857,11265
320.447784,tfmini,290,1846
320.453430,tfmini,290,1840
320.456085,tfmini,290,1836
320.476806,tfmini,291,1840
320.481353,tfmini,290,1847
320.493957,tfmini,290,1847
320.502044,tfmini,2338,22937
320.517242,tfmini,289,1845
320.518798,tfmini,289,1845
320.543121,tfmini,289,1850
320.545593,tfmini,288,1985
320.552764,tfmini,289,1837
320.561218,tfmini,289,1844
320.564575,tfmini,289,1855
320.567932,tfmini,289,1987
320.574218,tfmini,288,1990
320.619506,tfmini,248,2246
320.622009,tfmini,152,2621
320.630218,tfmini,33,9420
320.632843,tfmini,16,11388
320.635437,tfmini,8,2793
320.640472,tfmini,1,3367
320.648712,tfmini,0,3857
320.667266,tfmini,0,4293
320.669708,tfmini,0,4159
320.690093,tfmini,0,3618
320.703155,tfmini,0,3069
320.708618,tfmini,1,2624
320.715332,tfmini,0,2082
320.729675,tfmini,10,499
320.734252,tfmini,9,304
320.736602,tfmini,8,268
320.741729,tfmini,6,349
320.747863,tfmini,4,257
320.750213,tfmini,3,223
320.763641,laser,991,
320.767517,tfmini,38,42
320.769866,tfmini,53,54
320.773040,tfmini,32,1046
320.776550,tfmini,243,3659
320.781188,tfmini,270,4141
320.794067,tfmini,290,5844
320.796691,tfmini,290,5863
320.799224,tfmini,290,5854
320.800750,tfmini,290,5868
320.809356,tfmini,291,5856
320.811584,tfmini,291,5852
320.823913,tfmini,292,5857
320.837707,tfmini,292,5827
320.855499,tfmini,292,5834
320.858001,tfmini,292,5855
320.862548,tfmini,292,5849
320.868103,tfmini,292,5836
320.870758,tfmini,292,5857
320.872650,tfmini,292,5843
320.877197,tfmini,292,39375
320.880737,tfmini,292,5847
320.887115,tfmini,292,5825
320.889770,tfmini,5668,39200
320.891998,tfmini,292,5838
320.898437,tfmini,22820,9369
320.904632,tfmini,292,5849
320.927795,tfmini,292,5840
320.932403,tfmini,292,5829
320.934906,tfmini,292,5832
320.941558,tfmini,292,5851
320.952117,tfmini,291,5830
320.957427,tfmini,292,5846
320.971771,tfmini,292,5842
320.985565,tfmini,292,5839
320.991943,tfmini,292,5830
320.996032,tfmini,291,5861
321.009338,tfmini,292,5843
321.011871,tfmini,292,5844
321.046997,tfmini,291,5840
321.053375,tfmini,290,5863
321.056610,tfmini,289,5893
321.064971,tfmini,141,10476
321.066558,tfmini,15,10476
321.068084,tfmini,157,13688
321.069641,tfmini,56,13688
321.072174,tfmini,10,15870
321.092742,tfmini,0,2816
321.111633,tfmini,1,2772
321.119964,tfmini,0,1769
321.126251,tfmini,0,808
321.129119,tfmini,0,637
321.132232,tfmini,0,600
321.135101,laser,947,
321.147338,tfmini,7,274
321.151763,tfmini,30,266
321.161499,tfmini,264,1803
321.166870,tfmini,285,1844
321.169281,tfmini,287,1829
321.170806,tfmini,1824,39257
321.179229,tfmini,8857,9217
321.187622,tfmini,290,39215
321.190917,tfmini,290,1832
321.194488,tfmini,290,1986
321.203979,tfmini,290,1843
321.206604,tfmini,290,1842
321.209075,tfmini,290,1852
321.215362,tfmini,290,22830
321.230682,tfmini,290,1855
321.236206,tfmini,290,1837
321.240203,tfmini,290,1838
321.259704,tfmini,290,1841
321.274322,tfmini,290,1845
321.275848,tfmini,290,1844
321.282501,tfmini,289,1850
321.285003,tfmini,290,1836
321.312255,tfmini,45,12795
321.341003,tfmini,0,7450
321.344360,tfmini,0,7257
321.345794,tfmini,0,6719
321.349304,tfmini,0,6113
321.353668,tfmini,0,1503
321.355102,tfmini,0,39225
321.364685,laser,953,
321.380554,tfmini,45,294
321.381988,tfmini,52,294
321.384368,tfmini,32,1625
321.413299,tfmini,291,1853
321.425170,tfmini,290,1828
321.429870,tfmini,290,1849
321.431396,tfmini,290,1849
321.432922,tfmini,290,1849
321.435546,tfmini,290,39192
321.438476,tfmini,291,1836
321.442687,tfmini,8857,10497
321.447387,tfmini,22818,8857
321.452026,tfmini,290,2348
321.461944,tfmini,291,1831
321.466491,tfmini,291,1850
321.484558,tfmini,284,1855
321.489990,tfmini,8,10836
321.495086,tfmini,0,2896
321.498901,tfmini,0,3623
321.501312,tfmini,0,3583
321.506866,laser,941,
321.510131,tfmini,0,576
321.517883,tfmini,12,278
321.536437,tfmini,290,1992
321.537994,tfmini,290,1854
321.542419,tfmini,290,1836
321.546875,tfmini,8857,13569
321.572723,tfmini,290,1839
321.575256,tfmini,290,1832
321.578887,tfmini,290,1841
321.583190,tfmini,291,1840
321.585083,tfmini,291,1840
321.589630,tfmini,291,1847
321.591186,tfmini,291,1847
321.592712,tfmini,291,12081
321.595001,tfmini,11299,39257
321.598236,tfmini,290,1846
321.602203,tfmini,289,39368
321.626190,laser,975,
321.631805,tfmini,0,302
321.635955,tfmini,0,230
321.637329,tfmini,4,257
321.640716,tfmini,31,6690
321.670379,tfmini,291,1835
321.697845,tfmini,291,1854
321.704254,tfmini,290,1843
321.705749,tfmini,290,1843
321.710113,tfmini,290,1843
321.715393,tfmini,286,1838
321.731445,laser,758,
321.734924,tfmini,0,549
321.741271,tfmini,2,219
321.744049,tfmini,29,375
321.746551,tfmini,54,276
321.747985,tfmini,129,276
321.751037,tfmini,250,1849
321.754180,tfmini,283,1842
321.758850,tfmini,290,1842
321.761810,tfmini,290,1855
321.763946,tfmini,290,1847
321.770690,tfmini,1826,22810
321.772888,tfmini,290,39257
321.776794,tfmini,291,1841
321.783538,tfmini,290,1843
321.786437,tfmini,290,1849
321.787933,tfmini,290,1836
321.792419,tfmini,290,1846
321.794921,tfmini,290,1850
321.800476,tfmini,290,1852
321.802368,tfmini,290,1852
321.804473,tfmini,290,1854
321.807678,tfmini,290,1984
321.822845,tfmini,0,3596
321.830505,tfmini,0,4380
321.835693,laser,798,
321.839813,tfmini,0,514
321.844116,tfmini,0,242
321.860809,tfmini,289,1831
321.869201,tfmini,290,22831
321.877624,tfmini,290,1846
321.881927,tfmini,290,1845
321.891479,tfmini,291,1841
321.897003,tfmini,291,1838
321.901184,tfmini,291,1834
321.903594,tfmini,291,1829
321.916290,tfmini,285,13843
321.925140,tfmini,0,22873
321.927917,laser,739,
321.932922,tfmini,1,730
321.935211,tfmini,1,37897
321.945098,tfmini,156,1847
321.952331,tfmini,290,1984
321.953826,tfmini,290,1984
321.958282,tfmini,290,1850
321.967681,tfmini,290,1840
321.976348,tfmini,291,1839
321.985076,tfmini,290,1828
321.992462,tfmini,291,1851
322.002380,tfmini,286,2324
322.005859,tfmini,6,34030
322.014495,tfmini,1,5065
322.018218,laser,925,
322.025665,tfmini,1,294
322.029907,tfmini,14,330
322.033325,tfmini,52,262
322.034729,tfmini,128,39182
322.036895,tfmini,41,1842
322.040954,tfmini,278,1853
322.042510,tfmini,283,1853
322.048248,tfmini,290,1844
322.063018,tfmini,290,1991
322.064514,tfmini,291,1991
322.066040,tfmini,291,1854
322.080108,tfmini,291,1843
322.088500,tfmini,290,39175
322.099731,tfmini,256,9806
322.107421,tfmini,0,3876
322.110321,tfmini,1,3627
322.111816,laser,333,
322.131347,tfmini,269,1851
322.136932,tfmini,290,1854
322.142120,tfmini,290,1984
322.145629,tfmini,291,39321
322.150726,tfmini,291,39204
322.159332,tfmini,290,1838
322.164978,tfmini,290,1822
322.176116,tfmini,289,1987
322.180847,tfmini,281,9584
322.185913,tfmini,0,3199
322.189910,tfmini,0,4446
322.191711,laser,742,
322.198669,tfmini,0,513
322.201507,tfmini,2,235
322.204833,tfmini,32,276
322.218902,tfmini,290,1845
322.224273,tfmini,290,1846
322.230468,tfmini,291,1852
322.233093,tfmini,291,39321
322.236267,tfmini,291,1843
322.256256,tfmini,288,1984
322.263793,tfmini,0,14151
322.270599,laser,694,
322.273132,tfmini,2049,22873
322.277191,tfmini,0,473
322.291137,tfmini,278,1846
322.293792,tfmini,287,1836
322.296325,tfmini,289,1993
322.306213,tfmini,290,1845
322.328918,tfmini,291,1845
322.336273,tfmini,287,1852
322.339263,tfmini,281,11488
322.340789,tfmini,134,11488
322.347015,tfmini,0,4083
322.348907,laser,627,
322.353271,tfmini,0,819
322.365112,tfmini,35,1839
322.368286,tfmini,267,1854
322.378479,tfmini,290,1844
322.389587,tfmini,290,1847
322.394134,tfmini,291,1851
322.401306,tfmini,290,1985
322.404174,tfmini,290,1840
322.410949,tfmini,288,1821
322.413909,tfmini,9,11319
322.417510,tfmini,0,3443
322.419891,tfmini,0,4160
322.421447,laser,660,
322.439941,tfmini,253,1847
322.467193,tfmini,291,1852
322.483673,tfmini,282,8137
322.491027,tfmini,0,3842
322.493164,laser,651,
322.501525,tfmini,22793,153
322.503479,tfmini,2,236
322.513366,tfmini,278,1986
322.516876,tfmini,288,1853
322.524108,tfmini,291,1851
322.530181,tfmini,291,1984
322.539398,tfmini,290,1847
322.550537,tfmini,289,1999
322.557617,tfmini,0,3590
322.560729,laser,827,
322.564819,tfmini,0,1123
322.580017,tfmini,225,1838
322.581542,tfmini,253,1840
322.583099,tfmini,269,1840
322.585662,tfmini,283,1850
322.591369,tfmini,290,1848
322.602355,tfmini,290,2001
322.603942,tfmini,290,2001
322.606414,tfmini,290,1840
322.611022,tfmini,291,1839
322.612518,tfmini,291,1984
322.615417,tfmini,291,22993
322.623321,tfmini,11,14290
322.627899,laser,884,
322.641540,tfmini,51,273
322.672454,tfmini,291,1842
322.673950,tfmini,291,1842
322.678649,tfmini,290,1850
322.684478,tfmini,289,1854
322.693725,laser,823,
322.698455,tfmini,1,1508
322.703552,tfmini,3,241
322.705780,tfmini,18,355
322.709655,tfmini,134,257
322.711181,tfmini,38,1838
322.734497,tfmini,290,1986
322.743194,tfmini,290,1989
322.756378,laser,746,
322.757751,tfmini,0,4059
322.763061,tfmini,0,478
322.766998,tfmini,6,272
322.770324,tfmini,44,268
322.786468,tfmini,290,1846
322.790039,tfmini,290,1840
322.818878,laser,759,
322.834930,tfmini,37,1850
322.837524,tfmini,250,1841
322.840057,tfmini,278,1850
322.843627,tfmini,289,1854
322.845794,tfmini,290,1989
322.847808,tfmini,291,1987
322.851654,tfmini,290,1847
322.853210,tfmini,290,1843
322.857879,tfmini,291,1853
322.872406,tfmini,267,11836
322.876922,tfmini,0,3949
322.878356,tfmini,0,3949
322.879821,laser,1,
322.881896,tfmini,0,3865
322.893524,tfmini,133,277
322.907379,tfmini,291,1846
322.908905,tfmini,290,1845
322.912506,tfmini,291,1846
322.917144,tfmini,291,1989
322.928070,tfmini,289,1987
322.937713,laser,888,
322.941253,tfmini,0,2010
322.943756,tfmini,0,610
322.946136,tfmini,0,325
322.951049,tfmini,14,282
322.964721,tfmini,290,1835
322.970214,tfmini,290,1852
322.992523,tfmini,258,13366
322.995910,laser,769,
323.004028,tfmini,39321,0
323.007171,tfmini,10,333
323.013000,tfmini,156,1842
323.015502,tfmini,268,22840
323.026153,tfmini,291,1854
323.028686,tfmini,290,1844
323.051635,laser,717,
323.053710,tfmini,0,36191
323.068145,tfmini,155,1987
323.072448,tfmini,283,1987
323.088775,tfmini,291,1836
323.095306,tfmini,290,1851
323.106628,tfmini,0,35864
323.108123,laser,4,
323.116058,tfmini,0,6386
323.120300,tfmini,32,285
323.126220,tfmini,268,1986
323.158874,tfmini,286,12912
323.161468,tfmini,11,16169
323.162933,laser,7,
323.167816,tfmini,0,3397
323.178375,tfmini,36,1842
323.199035,tfmini,290,1843
323.206634,tfmini,291,1987
323.208770,tfmini,290,2002
323.214202,tfmini,261,13594
323.215728,laser,5,
323.219512,tfmini,0,2299
323.228942,tfmini,53,276
323.240905,tfmini,290,1838
323.246307,tfmini,291,1829
323.253326,tfmini,290,1843
323.260223,tfmini,290,1986
323.266998,tfmini,0,14791
323.268402,laser,21,
323.271179,tfmini,0,3351
323.273620,tfmini,0,825
323.274993,tfmini,0,825
323.280426,tfmini,29,267
323.300537,tfmini,291,1844
323.305938,tfmini,290,1987
323.311004,tfmini,290,1844
323.318634,tfmini,260,13658
323.320190,laser,240,
323.326751,tfmini,0,552
323.328613,tfmini,0,238
323.360595,tfmini,290,1992
323.370056,tfmini,0,15625
323.371490,laser,17,
323.374603,tfmini,0,3055
323.378967,tfmini,0,328
323.383270,tfmini,40,280
323.400634,tfmini,291,1853
323.403106,tfmini,291,1851
323.417419,tfmini,10,11734
323.419860,tfmini,0,14692
323.421356,laser,1,
323.423431,tfmini,0,4126
323.424865,tfmini,0,3342
323.433105,tfmini,31,284
323.437774,tfmini,153,1847
323.453308,tfmini,290,1985
323.458862,tfmini,290,1855
323.463775,tfmini,290,1986
323.469818,laser,664,
323.500183,tfmini,290,1841
323.503540,tfmini,291,1992
323.505096,tfmini,291,1836
323.506591,tfmini,291,1836
323.508972,tfmini,291,1827
323.514953,tfmini,289,2598
323.518157,laser,566,
323.524536,tfmini,0,517
323.530914,tfmini,37,269
323.539642,tfmini,286,1847
323.547973,tfmini,6178,22937
323.551086,tfmini,290,1847
323.553588,tfmini,290,1852
323.565643,laser,882,
323.567108,tfmini,0,33837
323.573699,tfmini,0,540
323.578491,tfmini,46,282
323.581878,tfmini,38,22826
323.587097,tfmini,283,1849
323.594940,tfmini,290,1851
323.598632,tfmini,291,1838
323.610748,tfmini,287,13296
323.613037,laser,806,
323.628540,tfmini,36,1850
323.632141,tfmini,268,1851
323.651428,tfmini,290,1846
323.656097,tfmini,288,1986
323.659210,laser,680,
323.664306,tfmini,0,2549
323.665771,tfmini,0,39413
323.672485,tfmini,46,266
323.680938,tfmini,287,39177
323.688018,tfmini,290,1828
323.695861,tfmini,291,1852
323.703857,tfmini,10,39201
323.705383,laser,16,
323.712982,tfmini,0,626
323.719482,tfmini,133,256
323.721832,tfmini,157,1990
323.732818,tfmini,290,1842
323.735321,tfmini,291,1847
323.739074,tfmini,290,1988
323.744567,tfmini,290,1855
323.750488,laser,618,
323.754913,tfmini,0,2831
323.756347,tfmini,0,2831
323.765563,tfmini,37,1847
323.769134,tfmini,268,1838
323.770690,tfmini,277,1835
323.774230,tfmini,288,1851
323.775817,tfmini,289,22793
323.791595,tfmini,289,4064
323.794067,tfmini,287,13334
323.795654,laser,0,
323.807373,tfmini,13,289
323.818389,tfmini,288,1843
323.837402,tfmini,274,11980
323.839172,laser,731,
323.846862,tfmini,6144,39177
323.849700,tfmini,1,258
323.851959,tfmini,33,274
323.861877,tfmini,288,1824
323.868469,tfmini,291,1852
323.875640,tfmini,290,1854
323.880462,tfmini,288,1839
323.882598,laser,660,
323.885894,tfmini,0,22915
323.890625,tfmini,0,39231
323.897064,tfmini,44,283
323.900909,tfmini,43,1987
323.904296,tfmini,269,1852
323.912902,tfmini,290,2362
323.925781,laser,533,
323.936126,tfmini,0,266
323.948211,tfmini,287,1987
323.949768,tfmini,289,1987
323.964172,tfmini,290,1845
323.967620,tfmini,11,10748
323.969146,laser,0,
323.972229,tfmini,0,4137
323.974487,tfmini,0,22793
323.977539,tfmini,0,39180
323.981384,tfmini,27,273
323.984985,tfmini,36,1984
323.993255,tfmini,290,2503
323.995513,tfmini,290,1845
323.998168,tfmini,290,1833
324.002716,tfmini,39202,9049
324.007141,tfmini,1826,39257
324.009124,tfmini,289,6612
324.010589,laser,89,
324.014068,tfmini,12,36104
324.015594,tfmini,0,36104
324.018188,tfmini,153,58112
324.031646,tfmini,286,1987
324.037933,tfmini,291,1849
324.042846,tfmini,291,1844
324.050628,tfmini,288,2514
324.052093,laser,145,
324.060546,tfmini,0,254
324.062866,tfmini,13,366
324.082916,tfmini,291,1839
324.093078,laser,769,
324.096069,tfmini,10,35856
324.099548,tfmini,0,10269
324.113067,tfmini,253,1852
324.114593,tfmini,270,1852
324.133880,laser,413,
324.142150,tfmini,0,39220
324.144226,tfmini,11,312
324.146667,tfmini,43,280
324.148101,tfmini,55,257
324.170135,tfmini,291,1985
324.174072,laser,731,
324.186370,tfmini,13,281
324.196289,tfmini,287,1846
324.211181,tfmini,289,1992
324.213653,tfmini,289,8496
324.215209,laser,3,
324.231872,tfmini,249,1848
324.245056,tfmini,291,1854
324.248504,tfmini,291,1986
324.251037,tfmini,291,1984
324.253509,laser,622,
324.268493,tfmini,56,265
324.279418,tfmini,288,1852
324.284851,tfmini,291,1841
324.288452,tfmini,291,1852
324.292633,laser,690,
324.312164,tfmini,266,1845
324.320861,tfmini,290,1847
324.329833,tfmini,290,3563
324.331329,laser,723,
324.335357,tfmini,11,35939
324.349975,tfmini,269,1842
324.354400,tfmini,288,1851
324.369842,laser,342,
324.371917,tfmini,0,34175
324.376525,tfmini,0,760
324.377960,tfmini,0,760
324.379455,tfmini,89,4608
324.381835,tfmini,268,39321
324.390441,tfmini,39215,8025
324.399627,tfmini,291,1852
324.402099,tfmini,291,1854
324.404602,tfmini,290,1844
324.407684,laser,987,
324.415618,tfmini,153,37376
324.419921,tfmini,28,263
324.427795,tfmini,270,6151
324.439422,tfmini,291,1851
324.445495,laser,435,
324.453521,tfmini,22937,0
324.457794,tfmini,1,269
324.462097,tfmini,59,22797
324.466552,tfmini,277,1843
324.472442,tfmini,290,1844
324.480438,tfmini,291,36361
324.482818,laser,381,
324.488800,tfmini,0,3776
324.507751,tfmini,290,1842
324.511199,tfmini,291,1848
324.512725,tfmini,291,1839
324.517669,tfmini,289,1849
324.519866,laser,377,
324.535675,tfmini,39,1844
324.553283,tfmini,290,1853
324.556610,laser,440,
324.561981,tfmini,0,35585
324.571228,tfmini,37,1848
324.572692,tfmini,156,1848
324.574249,tfmini,251,1838
324.592956,laser,383,
324.598083,tfmini,0,11578
324.601593,tfmini,0,261
324.629058,laser,782,
324.640960,tfmini,33,274
324.648315,tfmini,268,1987
324.655487,tfmini,290,1987
324.661010,tfmini,290,1852
324.664825,laser,477,
324.666137,tfmini,285,12111
324.669708,tfmini,0,34568
324.673614,tfmini,22784,153
324.678588,tfmini,46,275
324.689086,tfmini,290,1848
324.698181,tfmini,290,1985
324.700408,laser,469,
324.702819,tfmini,11,12825
324.708374,tfmini,0,6163
324.732025,tfmini,290,1992
324.735717,laser,329,
324.754943,tfmini,224,1845
324.757446,tfmini,270,1847
324.765838,tfmini,291,1854
324.770599,laser,447,
324.774353,tfmini,279,15103
324.780487,tfmini,0,369
324.786102,tfmini,37,1989
324.787628,tfmini,157,1989
324.789123,tfmini,252,1985
324.791168,tfmini,279,1834
324.805358,laser,602,
324.820281,tfmini,57,280
324.825592,tfmini,254,1853
324.831756,tfmini,289,1849
324.834442,tfmini,290,22839
324.839630,tfmini,290,1993
324.841094,laser,18,
324.842864,tfmini,289,9534
324.850891,tfmini,14,22904
324.853881,tfmini,58,287
324.862274,tfmini,288,1849
324.869628,tfmini,290,1985
324.873718,tfmini,290,4479
324.875274,laser,3,
324.885009,tfmini,29,295
324.889343,tfmini,37,1855
324.900573,tfmini,290,1988
324.907897,laser,346,
324.910217,tfmini,227,13877
324.913635,tfmini,0,36166
324.918975,tfmini,0,39257
324.926300,tfmini,153,1850
324.937316,tfmini,290,1835
324.941467,laser,740,
324.943176,tfmini,290,2369
324.949462,tfmini,0,6503
324.951873,tfmini,0,39321
324.953643,tfmini,30,290
324.964172,tfmini,290,1844
324.972351,tfmini,290,1984
324.975067,laser,302,
324.976867,tfmini,290,3777
324.978424,tfmini,288,13893
325.008209,laser,396,
325.026885,tfmini,269,1991
325.032531,tfmini,289,1852
325.034088,tfmini,290,1852
325.041290,laser,276,
325.057312,tfmini,30,1846
325.058807,tfmini,152,1846
325.063354,tfmini,283,1850
325.064849,tfmini,287,1855
325.073883,laser,264,
325.075469,tfmini,289,4404
325.076965,tfmini,288,14384
325.084625,tfmini,0,263
325.086029,tfmini,8089,7424
325.101837,laser,544,
325.108276,tfmini,12,10712
325.112487,tfmini,13,289
325.115966,tfmini,59,284
325.123474,tfmini,286,1843
325.125030,laser,0,
325.126586,tfmini,289,1988
325.133239,tfmini,22,22838
325.135406,tfmini,27,22937
325.138305,tfmini,63,265
325.144073,laser,189,
325.147338,tfmini,284,6151
325.149475,tfmini,289,5073
325.157348,tfmini,247,39177
325.161132,tfmini,284,1850
325.162628,laser,0,
325.165954,tfmini,290,1842
325.179077,laser,33,
325.182678,tfmini,268,1996
325.195007,laser,36,
325.210083,laser,185,
325.211456,tfmini,285,1839
325.214904,tfmini,289,1850
325.219268,tfmini,52,1547
325.220733,tfmini,2816,39321
325.222839,tfmini,40,1844
325.224578,laser,7,
325.238220,tfmini,0,273
325.239562,laser,3,
325.246643,tfmini,59,3938
325.248291,tfmini,0,39257
325.250244,tfmini,42,1839
325.251770,laser,13,
325.257354,tfmini,235,282
325.264617,laser,508,
325.266693,tfmini,2451,22873
325.277160,laser,5,
325.281921,tfmini,157,1847
325.285247,tfmini,290,39257
325.289215,laser,23,
325.296691,tfmini,291,1806
325.299316,tfmini,291,1989
325.300964,laser,19,
325.309326,tfmini,8857,23029
325.311431,tfmini,236,1855
325.312927,laser,1,
325.315124,tfmini,62,1984
325.318450,tfmini,250,1845
325.320007,tfmini,268,1845
325.323547,laser,0,
325.331573,tfmini,0,1328
325.334350,laser,163,
325.339904,tfmini,0,281
325.344970,laser,199,
325.355163,tfmini,0,280
325.363586,tfmini,14,267
325.365509,laser,18,
325.375488,laser,4,
325.385223,laser,7,
325.388061,tfmini,506,1842
325.394165,tfmini,284,1352
325.395660,laser,8,
325.400329,tfmini,290,1854
325.404113,laser,664,
325.406433,tfmini,0,280
325.409912,tfmini,0,22937
325.413452,laser,13,
325.415924,tfmini,8,22808
325.420227,tfmini,59,1332
325.422515,laser,0,
325.426208,tfmini,393,1845
325.428863,tfmini,407,1850
325.430969,tfmini,292,33569
325.435394,tfmini,0,22805
325.439422,tfmini,0,39209
325.440856,laser,3,
325.448852,laser,28,
325.457427,laser,4,
325.464141,tfmini,384,1845
325.465850,laser,4,
325.470733,tfmini,290,1988
325.474090,laser,36,
325.481170,tfmini,248,3422
325.482666,laser,6,
325.484741,tfmini,227,377
325.490356,laser,0,
325.498382,laser,0,
325.503021,tfmini,290,1842
325.506195,laser,3,
325.513977,laser,3,
325.521606,laser,4,
325.523956,tfmini,290,1652
325.528411,tfmini,290,1827
325.529937,laser,168,
325.533081,tfmini,278,1900
325.536651,laser,358,
325.540771,tfmini,0,1840
325.544097,laser,7,
325.551361,laser,702,
325.558654,laser,70,
325.561645,tfmini,289,1890
325.565887,laser,1,
325.568115,tfmini,39321,290
325.570587,tfmini,290,1832
325.572937,laser,27,
325.579986,laser,18,
325.581176,tfmini,2337,22873
325.586883,laser,523,
325.588348,tfmini,0,490
325.591552,tfmini,0,39257
325.593841,laser,4,
325.596557,tfmini,35,3358
325.600677,laser,173,
325.607330,tfmini,282,1989
325.609222,tfmini,22793,153
325.611145,tfmini,0,1851
325.614379,laser,0,
325.621154,laser,0,
325.624237,tfmini,294,1838
325.626586,tfmini,292,1854
325.628112,laser,0,
325.631164,tfmini,292,1548
325.634368,tfmini,291,1844
325.641357,laser,0,
325.644805,tfmini,289,1842
325.648101,laser,1,
325.654785,laser,13,
325.656890,tfmini,23001,289
325.660278,tfmini,290,1854
325.661834,laser,4,
325.662933,tfmini,290,1854
325.668182,laser,12,
325.672668,tfmini,22808,8601
325.674835,laser,24,
325.680267,tfmini,278,1843
325.681793,laser,4,
325.687896,tfmini,290,1987
325.694976,laser,0,
325.701568,tfmini,291,2641
325.703979,tfmini,291,1602
325.708374,laser,1,
325.715057,laser,0,
325.716674,tfmini,292,9786
325.719085,tfmini,292,1773
325.721649,laser,22,
325.728393,laser,4,
325.730834,tfmini,39168,89
325.732757,tfmini,0,1829
325.735046,laser,12,
325.741760,laser,3,
325.748413,laser,8,
325.751953,tfmini,289,1846
325.755126,laser,0,
325.757843,tfmini,6179,39257
325.761749,laser,51,
325.763641,tfmini,394,1835
325.768493,laser,11,
325.774108,tfmini,291,1843
325.775604,laser,0,
325.776733,tfmini,279,2011
325.781799,laser,125,
325.786865,tfmini,292,1847
325.788482,laser,186,
325.795135,laser,690,
325.796569,tfmini,291,1832
325.799468,tfmini,291,1845
325.801788,laser,498,
325.808563,laser,1,
325.810668,tfmini,8793,55809
325.815277,laser,1,
325.819213,tfmini,290,1818
325.821868,laser,375,
325.828613,laser,3,
325.835327,laser,0,
325.837402,tfmini,39204,8857
325.840820,tfmini,291,1839
325.842376,laser,7,
325.846618,tfmini,290,1825
325.848510,tfmini,290,1834
325.855316,laser,1,
325.857025,tfmini,291,14110
325.862030,laser,1,
325.868713,laser,5,
325.875030,tfmini,290,1836
325.878234,tfmini,282,1832
325.882019,laser,4,
325.883880,tfmini,291,4630
325.888732,laser,0,
325.895324,laser,41,
325.902038,laser,8,
325.904998,tfmini,291,1584
325.908782,laser,0,
325.911590,tfmini,39321,290
325.915130,tfmini,290,39216
325.921447,tfmini,290,1855
325.923858,tfmini,55585,8537
325.928710,laser,772,
325.931732,tfmini,289,14584
325.934387,tfmini,0,1834
325.935821,laser,8,
325.936920,tfmini,252,1834
325.941497,tfmini,253,1833
325.948791,laser,10,
325.950195,tfmini,291,15851
325.951812,tfmini,15651,39321
325.955413,laser,727,
325.959289,tfmini,290,1343
325.962097,laser,106,
325.964324,tfmini,290,1841
325.965850,tfmini,290,10291
325.968841,laser,7,
325.970458,tfmini,291,1835
325.975036,tfmini,290,1829
325.976562,tfmini,266,2253
325.979888,tfmini,243,22795
325.982116,tfmini,276,1847
325.985351,tfmini,291,13058
325.987030,tfmini,291,1832
325.988891,laser,6,
325.995574,laser,4,
326.002258,laser,2,
326.003356,tfmini,290,1984
326.005493,tfmini,39209,89
326.008972,laser,1,
326.011260,tfmini,0,1300
326.015594,laser,2,
326.022277,laser,4,
326.028930,laser,8,
326.030914,tfmini,291,39206
326.034393,tfmini,291,1835
326.035949,laser,1,
326.039337,tfmini,290,10617
326.042236,laser,141,
326.048889,laser,541,
326.050079,tfmini,262,2353
326.055541,laser,80,
326.060729,tfmini,290,1838
326.062347,laser,2,
326.067138,tfmini,290,1996
326.069030,laser,3,
326.070709,tfmini,290,1984
326.075592,laser,64,
326.082305,laser,34,
326.084533,tfmini,39257,136
326.088073,tfmini,226,1853
326.089569,laser,0,
326.093597,tfmini,290,1842
326.095672,laser,0,
326.098754,tfmini,291,15572
326.102355,laser,7,
326.108001,tfmini,291,22937
326.109558,laser,2,
326.111999,tfmini,8857,5889
326.115753,laser,0,
326.122100,tfmini,275,2105
326.124481,tfmini,259,1894
326.129028,laser,92,
326.135742,laser,6,
326.137145,tfmini,290,8507
326.141357,tfmini,290,1835
326.142852,laser,1,
326.143981,tfmini,289,1996
326.149108,laser,11,
326.151092,tfmini,290,2003
326.152648,tfmini,289,22937
326.154724,tfmini,0,22937
326.156158,laser,11,
326.158782,tfmini,133,1149
326.160430,tfmini,63129,37888
326.162445,laser,79,
326.164093,tfmini,274,1838
326.169128,laser,73,
326.170654,tfmini,290,1852
326.172149,tfmini,9049,22814
326.175842,laser,4,
326.180877,tfmini,515,1830
326.182464,laser,218,
326.186370,tfmini,291,1985
326.189208,laser,4,
326.192474,tfmini,290,1880
326.195800,laser,108,
326.197113,tfmini,289,1840
326.199157,tfmini,282,39211
326.202545,laser,2,
326.204895,tfmini,12575,39321
326.206939,tfmini,22818,8857
326.209289,laser,4,
326.213317,tfmini,60057,40192
326.215911,laser,0,
326.222595,laser,2,
326.229278,laser,5,
326.230407,tfmini,288,5423
326.231903,tfmini,290,22937
326.233642,tfmini,290,1489
326.235870,laser,203,
326.242614,laser,2,
326.244476,tfmini,290,14334
326.248748,tfmini,290,1987
326.255401,tfmini,395,1850
326.259338,tfmini,290,1851
326.261810,tfmini,290,1854
326.263336,laser,550,
326.264556,tfmini,290,10846
326.269287,laser,164,
326.275939,laser,85,
326.282104,tfmini,255,1985
326.285339,tfmini,227,325
326.286834,tfmini,256,1998
326.289398,laser,4,
326.291625,tfmini,284,1851
326.293151,tfmini,288,22803
326.296020,laser,2,
326.297393,tfmini,289,39321
326.302734,laser,3,
326.309387,laser,19,
326.316040,laser,36,
326.322753,laser,0,
326.324493,tfmini,291,2609
326.329376,laser,777,
326.336120,laser,8,
326.342803,laser,3,
326.349456,laser,2,
326.350585,tfmini,289,1991
326.355895,tfmini,254,1984
326.358428,tfmini,39257,155
326.362854,laser,1,
326.368133,tfmini,289,1994
326.369628,laser,0,
326.376159,laser,15,
326.377777,tfmini,291,4072
326.382843,laser,9,
326.385681,tfmini,8857,39425
326.389495,laser,58,
326.396209,laser,2,
326.398681,tfmini,245,1761
326.402893,laser,7,
326.409576,laser,0,
326.416259,laser,4,
326.418212,tfmini,289,1998
326.422882,laser,282,
326.426361,tfmini,0,1850
326.429626,laser,16,
326.432250,tfmini,39321,88
326.435791,tfmini,232,2002
326.438873,tfmini,290,7426
326.441406,tfmini,290,39230
326.442932,laser,11,
326.449707,laser,0,
326.456359,laser,3,
326.458557,tfmini,39257,290
326.463012,laser,10,
326.469635,laser,78,
326.474426,tfmini,265,1836
326.476287,laser,7,
326.482971,laser,55,
326.485015,tfmini,290,22793
326.489715,laser,2,
326.496276,laser,481,
326.498687,tfmini,2338,39257
326.501922,tfmini,135,1849
326.503417,laser,3,
326.507446,tfmini,232,311
326.509765,laser,2,
326.516418,laser,2,
326.517669,tfmini,291,39192
326.523040,laser,164,
326.528137,tfmini,289,1986
326.529724,laser,62,
326.531738,tfmini,395,1853
326.534027,tfmini,291,1852
326.536437,laser,1,
326.540985,tfmini,290,1886
326.543060,laser,93,
326.549804,laser,3,
326.552642,tfmini,289,1851
326.556427,laser,20,
326.558593,tfmini,291,8206
326.563140,laser,11,
326.569854,laser,2,
326.575469,tfmini,40,1989
326.576904,laser,3,
326.578002,tfmini,134,1099
326.583190,laser,4,
326.585540,tfmini,287,1991
326.587036,tfmini,8857,39169
326.589843,laser,5,
326.594360,tfmini,290,1988
326.596466,laser,32,
326.599365,tfmini,63266,39257
326.603179,laser,70,
326.606414,tfmini,9305,56577
326.609924,laser,1,
326.616027,tfmini,286,1851
326.623229,laser,4,
326.629608,tfmini,1,1987
326.631042,tfmini,128,1573
326.636535,laser,37,
326.643249,laser,10,
326.646026,tfmini,290,1854
326.648468,tfmini,280,1989
326.650024,laser,2,
326.656585,laser,41,
326.661773,tfmini,290,1999
326.663238,laser,150,
326.664459,tfmini,291,1999
326.669982,laser,1,
326.676666,laser,0,
326.683319,laser,9,
326.686523,tfmini,290,1859
326.689941,laser,106,
326.696594,laser,223,
326.699127,tfmini,22818,8857
326.703430,laser,1,
326.709625,tfmini,279,1993
326.716674,laser,5,
326.723388,laser,14,
326.726104,tfmini,291,6339
326.730041,laser,13,
326.731262,tfmini,290,1989
326.733856,tfmini,289,9075
326.736694,laser,0,
326.738555,tfmini,291,1986
326.740081,tfmini,292,13819
326.743469,laser,5,
326.744934,tfmini,290,39221
326.748748,tfmini,53519,6151
326.750335,laser,4,
326.752441,tfmini,395,2000
326.755401,tfmini,290,1852
326.756866,laser,0,
326.760345,tfmini,290,1804
326.762725,tfmini,49153,39321
326.766448,tfmini,287,3084
326.768951,tfmini,288,1846
326.770446,laser,0,
326.776733,laser,501,
326.783538,laser,2,
326.785156,tfmini,284,1988
326.789459,tfmini,290,2002
326.793090,tfmini,291,1847
326.796875,laser,4,
326.803558,laser,4,
326.810241,laser,2,
326.816802,laser,991,
326.823547,laser,4,
326.825653,tfmini,22937,291
326.830200,laser,9,
326.836883,laser,0,
326.843597,laser,3,
326.844696,tfmini,290,1846
326.850219,laser,250,
326.856872,laser,207,
326.863616,laser,4,
326.870330,laser,2,
326.872161,tfmini,289,22795
326.876953,laser,6,
326.883636,laser,10,
326.889312,tfmini,290,1988
326.890808,laser,11,
326.892974,tfmini,243,2324
326.897003,laser,3,
326.899658,tfmini,280,1855
326.902313,tfmini,290,1853
326.903808,laser,4,
326.910369,laser,2,
326.912689,tfmini,22817,8345
326.916992,laser,16,
326.922241,tfmini,0,8904
326.923645,laser,170,
326.928375,tfmini,49,1994
326.930358,laser,19,
326.932037,tfmini,254,1995
326.937011,laser,18,
326.941436,tfmini,39169,8793
326.943695,laser,730,
326.948303,tfmini,290,1993
326.950408,laser,14,
326.953399,tfmini,8601,7937
326.957031,laser,143,
326.963775,laser,3,
326.966369,tfmini,251,1778
326.967864,tfmini,249,1852
326.970397,tfmini,278,2000
326.977081,laser,4,
326.980041,tfmini,290,22980
326.983764,laser,8,
326.990478,laser,3,
326.994262,tfmini,0,1985
326.997131,laser,3,
327.000793,tfmini,141,327
327.003143,tfmini,156,1855
327.007080,tfmini,290,1851
327.009674,tfmini,290,1850
327.013153,tfmini,290,1848
327.017181,laser,4,
327.019531,tfmini,291,1497
327.023834,laser,10,
327.025512,tfmini,393,1855
327.029022,tfmini,289,22991
327.030517,laser,11,
327.035461,tfmini,291,39257
327.037109,laser,37,
327.041778,tfmini,260,1854
327.043914,laser,3,
327.048400,tfmini,290,1984
327.050537,laser,13,
327.055358,tfmini,291,1854
327.056915,tfmini,290,1854
327.060852,tfmini,289,1985
327.063903,laser,2,
327.070129,tfmini,34,22791
327.077209,laser,10,
327.082763,tfmini,290,1997
327.084228,laser,3,
327.085388,tfmini,291,1997
327.086883,tfmini,291,9004
327.090240,tfmini,290,1988
327.094573,tfmini,39202,8793
327.096649,tfmini,289,1851
327.100616,tfmini,290,2005
327.102081,tfmini,290,2005
327.103973,laser,4,
327.107177,tfmini,12066,22808
327.110626,laser,5,
327.113342,tfmini,22873,22784
327.117279,laser,3,
327.123931,laser,23,
327.126495,tfmini,290,1745
327.130645,laser,4,
327.132019,tfmini,290,1990
327.134307,tfmini,290,3888
327.137237,laser,124,
327.140747,tfmini,2328,22930
327.143920,laser,217,
327.150726,laser,0,
327.153320,tfmini,289,7173
327.157348,laser,0,
327.159820,tfmini,290,15450
327.163208,tfmini,10786,22873
327.165252,tfmini,291,3698
327.170745,laser,0,
327.177276,laser,128,
327.178741,tfmini,290,12083
327.184020,laser,1,
327.190673,laser,22,
327.193908,tfmini,290,1986
327.196533,tfmini,291,1853
327.198028,laser,328,
327.203979,tfmini,290,22808
327.206115,tfmini,289,1847
327.210784,laser,0,
327.213836,tfmini,137,39317
327.217437,laser,2,
327.224121,laser,1,
327.230712,laser,134,
327.235321,tfmini,290,1840
327.237426,laser,3,
327.239990,tfmini,291,3585
327.242553,tfmini,515,1996
327.244171,laser,3,
327.248443,tfmini,288,1848
327.250549,tfmini,290,1854
327.253417,tfmini,290,1823
327.255737,tfmini,290,1848
327.257415,laser,33,
327.264129,laser,13,
327.270812,laser,4,
327.277404,laser,540,
327.283233,tfmini,290,1984
327.284698,laser,3,
327.290771,laser,415,
327.296020,tfmini,274,1852
327.297515,laser,2,
327.304168,laser,26,
327.305297,tfmini,291,1990
327.310852,laser,24,
327.314910,tfmini,290,1999
327.317260,tfmini,290,1853
327.324249,laser,4,
327.330932,laser,0,
327.337463,laser,183,
327.340515,tfmini,290,1991
327.344177,laser,141,
327.350891,laser,21,
327.357574,laser,0,
327.360412,tfmini,39228,64665
327.364227,laser,192,
327.370880,laser,391,
327.377624,laser,0,
327.381317,tfmini,290,1990
327.384246,laser,28,
327.390991,laser,4,
327.397674,laser,4,
327.401092,tfmini,290,1917
327.403686,tfmini,290,1990
327.406341,tfmini,264,2135
327.410980,laser,7,
327.417633,laser,7,
327.419036,tfmini,290,8748
327.421661,tfmini,290,1735
327.424377,laser,2,
327.427246,tfmini,288,1991
327.431030,laser,4,
327.433380,tfmini,290,23006
327.437622,laser,85,
327.444305,laser,70,
327.446105,tfmini,269,1987
327.449584,tfmini,290,1852
327.451080,laser,0,
327.457061,tfmini,289,1994
327.464416,laser,4,
327.471099,laser,4,
327.476745,tfmini,289,1993
327.478210,laser,4,
327.482147,tfmini,259,1997
327.484405,laser,4,
327.491058,laser,0,
327.494293,tfmini,288,1776
327.496765,tfmini,288,1991
327.498291,laser,1,
327.499420,tfmini,288,1996
327.504425,laser,27,
327.507507,tfmini,289,39321
327.510742,tfmini,34,1854
327.513366,tfmini,59225,19456
327.517089,tfmini,22791,6297
327.523986,tfmini,290,1992
327.531066,laser,299,
327.537841,laser,0,
327.544555,laser,2,
327.551208,laser,3,
327.557769,laser,245,
327.564514,laser,7,
327.566650,tfmini,22937,291
327.571228,laser,1,
327.573425,tfmini,290,2005
327.576110,tfmini,289,1985
327.577850,laser,3,
327.584503,laser,98,
327.586608,tfmini,22873,39321
327.591156,laser,48,
327.595550,tfmini,290,1985
327.597900,laser,4,
327.601165,tfmini,291,1996
327.604522,laser,544,
327.608734,tfmini,290,1984
327.611175,laser,439,
327.617858,laser,31,
327.624572,laser,18,
327.626373,tfmini,261,39286
327.627899,tfmini,253,1830
327.631256,laser,6,
327.635070,tfmini,290,23024
327.637908,laser,0,
327.639434,tfmini,290,1854
327.644531,laser,157,
327.650238,tfmini,289,1845
327.651702,laser,0,
327.657928,laser,14,
327.661407,tfmini,141,339
327.664642,laser,2,
327.667602,tfmini,289,7476
327.671325,laser,2,
327.678009,laser,3,
327.684661,laser,4,
327.686187,tfmini,290,1989
327.691284,laser,33,
327.698028,laser,3,
327.700836,tfmini,256,1823
327.704620,laser,432,
327.710296,tfmini,2337,22937
327.711914,laser,3,
327.717987,laser,18,
327.722778,tfmini,289,1993
327.724670,laser,58,
327.727752,tfmini,39168,89
327.731384,laser,0,
327.733734,tfmini,0,22917
327.737976,laser,207,
327.744415,tfmini,290,1994
327.749572,tfmini,289,1998
327.751434,laser,3,
327.753265,tfmini,290,4111
327.754791,tfmini,290,39368
327.756988,tfmini,290,1985
327.758483,laser,2,
327.762878,tfmini,289,1988
327.764770,laser,3,
327.771453,laser,4,
327.778106,laser,3,
327.781066,tfmini,290,1851
327.784698,laser,376,
327.789581,tfmini,290,1849
327.791442,laser,4,
327.792846,tfmini,289,1996
327.795227,tfmini,288,3115
327.798034,laser,32,
327.804779,laser,8,
327.809417,tfmini,56,1998
327.811492,laser,1,
327.818145,laser,2,
327.824615,tfmini,290,4210
327.826141,tfmini,290,39282
327.830657,tfmini,290,1990
327.832122,laser,493,
327.836242,tfmini,290,2003
327.838134,laser,3,
327.844818,laser,0,
327.851531,laser,3,
327.853515,tfmini,39204,8793
327.856079,tfmini,290,1848
327.858093,laser,356,
327.864074,tfmini,39371,8857
327.867156,tfmini,287,3132
327.871490,laser,6,
327.877349,tfmini,255,1854
327.879852,tfmini,40793,22272
327.884765,laser,569,
327.887542,tfmini,288,39257
327.891510,laser,5,
327.898193,laser,2,
327.901153,tfmini,290,1477
327.902648,tfmini,290,1851
327.904754,laser,981,
327.911468,laser,614,
327.918121,laser,896,
327.924072,tfmini,493,1994
327.925537,laser,498,
327.931488,laser,161,
327.938140,laser,95,
327.944854,laser,9,
327.947418,tfmini,290,39282
327.951538,laser,0,
327.957305,tfmini,272,6202
327.958862,laser,356,
327.964874,laser,9,
327.966339,tfmini,290,1995
327.971557,laser,7,
327.975708,tfmini,22818,8793
327.977325,tfmini,290,2002
327.978851,laser,68,
327.980987,tfmini,289,1991
327.983489,tfmini,289,1853
327.984954,laser,0,
327.991485,laser,235,
327.994567,tfmini,290,1486
327.998199,laser,5,
328.002990,tfmini,290,1852
328.004852,laser,103,
328.011047,tfmini,290,1990
328.018280,laser,2,
328.024932,laser,3,
328.031311,tfmini,289,1855
328.037658,tfmini,291,1988
328.044555,tfmini,0,1290
328.046508,tfmini,139,312
328.051147,tfmini,254,1997
328.055694,tfmini,290,1988
328.058197,laser,133,
328.064971,laser,10,
328.071563,laser,664,
328.075836,tfmini,290,1838
328.078277,laser,0,
328.081604,tfmini,290,1805
328.084869,laser,522,
328.091644,laser,5,
328.096405,tfmini,291,1853
328.098266,laser,2,
328.102203,tfmini,291,1787
328.104919,laser,18,
328.111206,tfmini,289,1993
328.118316,laser,1,
328.121734,tfmini,227,336
328.124908,laser,386,
328.131225,tfmini,290,39221
328.138244,laser,400,
328.140777,tfmini,56098,39257
328.144958,laser,13,
328.148345,tfmini,8601,33025
328.150909,tfmini,290,22873
328.153869,tfmini,291,14670
328.157196,tfmini,290,1841
328.158660,laser,3,
328.159790,tfmini,6178,22873
328.161895,tfmini,290,2927
328.163818,tfmini,254,1559
328.165313,laser,3,
328.171661,laser,10,
328.176116,tfmini,291,1835
328.178344,laser,4,
328.181640,tfmini,286,2574
328.184173,tfmini,288,1849
328.185638,laser,45,
328.191619,laser,193,
328.193847,tfmini,63,1575
328.198333,laser,6,
328.200775,tfmini,286,1854
328.203002,tfmini,291,1854
328.204956,laser,172,
328.211730,laser,4,
328.213226,tfmini,5665,39192
328.217315,tfmini,291,1843
328.218841,laser,1,
328.223144,tfmini,39203,8857
328.225006,laser,70,
328.227142,tfmini,290,1843
328.231689,laser,6,
328.238342,laser,7,
328.245056,laser,5,
328.251739,laser,3,
328.253936,tfmini,264,22861
328.258331,laser,15,
328.265014,laser,13,
328.266632,tfmini,291,8747
328.271759,laser,0,
328.275909,tfmini,7714,55559
328.278381,laser,0,
328.281280,tfmini,291,22882
328.285034,laser,106,
328.291687,laser,287,
328.296386,tfmini,290,1841
328.297912,tfmini,291,1829
328.300537,tfmini,291,15731
328.305023,laser,90,
328.308593,tfmini,291,1336
328.311706,laser,31,
328.314727,tfmini,8857,8193
328.318145,tfmini,290,1848
328.325073,laser,2,
328.331787,laser,2,
328.338439,laser,1,
328.345153,laser,0,
328.346893,tfmini,288,1832
328.351745,laser,8,
328.358398,laser,5,
328.360900,tfmini,40857,35328
328.364227,tfmini,271,1844
328.365753,laser,390,
328.368896,tfmini,290,5856
328.371734,laser,8,
328.378417,laser,1,
328.383300,tfmini,290,1834
328.385162,laser,1,
328.391754,laser,71,
328.394958,tfmini,290,1820
328.397460,tfmini,290,1825
328.398956,laser,1,
328.405151,laser,4,
328.411834,laser,0,
328.414398,tfmini,9113,38145
328.416168,tfmini,291,1877
328.418365,laser,198,
328.420532,tfmini,286,1841
328.423065,tfmini,280,2357
328.425140,laser,3,
328.431793,laser,3,
328.435913,tfmini,291,1827
328.438476,laser,3,
328.442749,tfmini,290,1826
328.445129,laser,8,
328.448669,tfmini,255,1833
328.451202,tfmini,139,1842
328.454010,tfmini,39321,233
328.458496,laser,2,
328.459747,tfmini,285,1854
328.465118,laser,14,
328.467651,tfmini,291,15349
328.471832,laser,7,
328.475402,tfmini,291,1325
328.478485,laser,4,
328.480224,tfmini,291,1828
328.485107,laser,13,
328.487121,tfmini,292,12350
328.491882,laser,3,
328.498443,laser,119,
328.505157,laser,4,
328.511840,laser,3,
328.518493,laser,1,
328.522186,tfmini,0,1834
328.525177,laser,4,
328.531402,tfmini,256,1836
328.538482,laser,3,
328.545166,laser,8,
328.547393,tfmini,39203,9369
328.551879,laser,4,
328.556182,tfmini,290,1831
328.558532,laser,0,
328.565216,laser,3,
328.570953,tfmini,493,1836
328.572418,laser,7,
328.578491,laser,1,
328.579620,tfmini,292,1817
328.585113,laser,187,
328.591766,laser,579,
328.598541,laser,1,
328.601379,tfmini,231,338
328.603607,tfmini,259,1837
328.605133,tfmini,273,1837
328.610870,tfmini,291,1834
328.612365,laser,11,
328.618499,laser,1,
328.625183,laser,7,
328.631866,laser,0,
328.638549,laser,0,
328.645233,laser,3,
328.650268,tfmini,290,1988
328.651824,laser,9,
328.656768,tfmini,290,1826
328.658538,laser,4,
328.665222,laser,3,
328.668029,tfmini,290,1986
328.671478,tfmini,291,1828
328.673980,tfmini,22937,291
328.678466,laser,184,
328.683715,tfmini,290,39209
328.685272,laser,1,
328.691802,laser,272,
328.698455,laser,868,
328.700164,tfmini,272,1849
328.702484,tfmini,290,1837
328.704071,tfmini,290,1837
328.705535,laser,0,
328.710998,tfmini,288,1844
328.712524,laser,8,
328.716308,tfmini,291,1830
328.718566,laser,0,
328.724426,tfmini,291,1846
328.725982,tfmini,292,22838
328.731903,laser,1,
328.735717,tfmini,518,1832
328.738525,laser,9,
328.743164,tfmini,291,1823
328.745147,laser,562,
328.751800,laser,518,
328.753753,tfmini,282,6185
328.757080,tfmini,284,1835
328.758636,laser,15,
328.765197,laser,23,
328.768707,tfmini,233,343
328.771850,laser,44,
328.773162,tfmini,282,1851
328.775665,tfmini,291,4621
328.778503,laser,210,
328.780273,tfmini,291,12081
328.782470,tfmini,291,39321
328.784637,tfmini,271,39198
328.791870,laser,36,
328.798492,laser,182,
328.805236,laser,4,
328.811889,laser,2,
328.818481,laser,244,
328.825256,laser,4,
328.830718,tfmini,278,1992
328.832244,laser,4,
328.838592,laser,2,
328.844573,tfmini,290,1851
328.849182,tfmini,290,1838
328.851684,tfmini,290,1842
328.853179,tfmini,290,14653
328.855255,tfmini,138,1838
328.858612,laser,0,
328.865173,laser,679,
328.871978,laser,1,
328.873229,tfmini,290,1839
328.876464,tfmini,283,1838
328.878601,laser,2,
328.882110,tfmini,290,1477
328.83666,tfmini,8857,11521
328.885253,laser,18,
328.889617,tfmini,290,1839
328.891967,laser,0,
328.894775,tfmini,293,1817
328.898559,laser,9,
328.901031,tfmini,291,23001
328.904449,tfmini,1831,39192
328.907623,tfmini,55705,290
328.911926,laser,2,
328.913696,tfmini,292,11477
328.915283,tfmini,39169,9369
328.918548,laser,27,
328.920806,tfmini,289,1835
328.924499,tfmini,288,1831
328.927093,tfmini,291,22937
328.931976,laser,2,
328.934570,tfmini,233,340
328.938568,laser,4,
328.939666,tfmini,281,1843
328.945220,laser,132,
328.949432,tfmini,268,1845
328.951934,laser,6,
328.955139,tfmini,291,39192
328.958587,laser,5,
328.963592,tfmini,289,1844
328.965240,laser,60,
328.971954,laser,3,
328.974304,tfmini,9113,6145
328.978424,tfmini,291,1841
328.983154,tfmini,290,1837
328.985290,laser,9,
328.988433,tfmini,291,1912
328.991943,laser,10,
328.998535,laser,266,
329.005310,laser,1,
329.011962,laser,1,
329.015777,tfmini,288,1834
329.018615,laser,1,
329.023010,tfmini,0,1837
329.025238,laser,43,
329.028228,tfmini,152,335
329.032012,laser,0,
329.035919,tfmini,289,1828
329.037445,tfmini,290,1828
329.038909,laser,12,
329.042633,tfmini,291,1828
329.045227,tfmini,288,1825
329.051940,laser,14,
329.053741,tfmini,290,9013
329.058624,laser,13,
329.060058,tfmini,291,1830
329.065307,laser,3,
329.066772,tfmini,290,3011
329.071929,laser,8,
329.078613,laser,4,
329.083038,tfmini,292,1847
329.085235,laser,186,
329.092010,laser,4,
329.094085,tfmini,39202,8857
329.098571,laser,136,
329.102600,tfmini,292,1552
329.105316,laser,1,
329.111999,laser,1,
329.114807,tfmini,0,1845
329.118530,laser,346,
329.125305,laser,2,
329.127197,tfmini,268,1849
329.131988,laser,7,
329.138549,laser,106,
329.142791,tfmini,291,1838
329.145233,laser,57,
329.151916,laser,646,
329.158569,laser,663,
329.165313,laser,1,
329.167419,tfmini,39257,291
329.171966,laser,2,
329.173126,tfmini,291,1852
329.175872,tfmini,291,1812
329.178619,laser,0,
329.183868,tfmini,289,1984
329.185394,laser,1,
329.191864,tfmini,254,1848
329.198577,laser,6,
329.200836,tfmini,289,5940
329.205291,laser,51,
329.212005,laser,2,
329.214172,tfmini,22817,8857
329.218658,laser,2,
329.221618,tfmini,290,9080
329.225341,laser,4,
329.231994,laser,1,
329.238555,laser,446,
329.245330,laser,0,
329.248779,tfmini,290,1887
329.251953,laser,11,
329.258544,laser,118,
329.260772,tfmini,39203,9049
329.265350,laser,1,
329.268463,tfmini,22873,291
329.271118,tfmini,39177,9049
329.278656,laser,0,
329.283447,tfmini,130,1837
329.285308,laser,13,
329.290252,tfmini,259,1852
329.291961,laser,17,
329.298675,laser,0,
329.305358,laser,0,
329.307464,tfmini,290,39257
329.312011,laser,3,
329.318603,laser,132,
329.321502,tfmini,292,1807
329.325286,laser,112,
329.327117,tfmini,292,2588
329.328613,tfmini,292,22937
329.332000,laser,4,
329.338653,laser,10,
329.345275,laser,142,
329.351928,laser,145,
329.357360,tfmini,0,1832
329.358825,laser,0,
329.362487,tfmini,231,326
329.365325,laser,24,
329.372039,laser,1,
329.375061,tfmini,291,1821
329.378631,laser,12,
329.385345,laser,2,
329.392028,laser,1,
329.398681,laser,0,
329.405334,laser,1,
329.407684,tfmini,22937,290
329.411987,laser,7,
329.418579,laser,368,
329.421630,tfmini,264,1906
329.423126,tfmini,263,1831
329.425292,laser,415,
329.428894,tfmini,9113,2305
329.432037,laser,0,
329.434417,tfmini,55705,291
329.438629,laser,29,
329.442932,tfmini,290,1845
329.444732,tfmini,290,1838
329.447296,tfmini,290,22937
329.451995,laser,20,
329.453643,tfmini,0,1301
329.455108,tfmini,22934,57497
329.458648,laser,10,
329.463958,tfmini,290,1837
329.465454,laser,1,
329.471191,tfmini,289,1837
329.472686,laser,364,
329.478607,laser,222,
329.485321,laser,56,
329.491241,tfmini,290,1984
329.498504,tfmini,265,1842
329.505340,laser,12,
329.512023,laser,0,
329.516540,tfmini,284,1838
329.518066,tfmini,288,1842
329.525299,laser,75,
329.531707,tfmini,278,1846
329.538696,laser,3,
329.545349,laser,1,
329.552032,laser,3,
329.554382,tfmini,9113,1281
329.558685,laser,2,
329.560913,tfmini,290,15300
329.565399,laser,0,
329.571960,laser,433,
329.578613,laser,44,
329.585357,laser,13,
329.592071,laser,3,
329.598632,laser,172,
329.605407,laser,0,
329.607360,tfmini,289,1853
329.612030,laser,3,
329.614715,tfmini,291,39283
329.617156,tfmini,0,22937
329.618591,laser,501,
329.625396,laser,1,
329.631958,laser,317,
329.637664,tfmini,287,1835
329.639129,laser,2,
329.644409,tfmini,290,1847
329.645935,laser,3,
329.651977,laser,67,
329.654235,tfmini,291,14627
329.658630,laser,130,
329.665374,laser,1,
329.672058,laser,1,
329.674285,tfmini,9049,19457
329.678649,laser,14,
329.683929,tfmini,283,39175
329.685516,laser,0,
329.688110,tfmini,22819,9113
329.691986,laser,9,
329.693878,tfmini,291,1984
329.698699,laser,3,
329.699951,tfmini,290,1850
329.705352,laser,10,
329.708679,tfmini,291,15110
329.712066,laser,3,
329.718688,laser,5,
329.721282,tfmini,8601,5633
329.722839,tfmini,289,1822
329.725311,laser,14,
329.732055,laser,3,
329.736694,tfmini,291,1845
329.738677,laser,0,
329.743347,tfmini,290,1843
329.744934,tfmini,290,1853
329.752044,laser,4,
329.758728,laser,0,
329.760711,tfmini,22821,9113
329.765319,laser,73,
329.766510,tfmini,291,1848
329.768035,tfmini,292,10536
329.772003,laser,8,
329.773864,tfmini,287,1836
329.778625,laser,26,
329.785339,laser,0,
329.787719,tfmini,58521,40704
329.791992,laser,8,
329.798645,laser,2,
329.805297,laser,9,
329.812011,laser,5,
329.813262,tfmini,291,1832
329.814788,tfmini,9113,32769
329.818695,laser,1,
329.823577,tfmini,291,1840
329.825317,laser,14,
329.832061,laser,2,
329.838592,laser,102,
329.840301,tfmini,291,12561
329.841857,tfmini,291,1899
329.845306,laser,20,
329.852020,laser,3,
329.858673,laser,3,
329.865264,laser,100,
329.868103,tfmini,288,3330
329.872009,laser,4,
329.877502,tfmini,0,1831
329.878936,laser,1,
329.881469,tfmini,39321,220
329.885375,laser,1,
329.890625,tfmini,291,1854
329.892120,laser,0,
329.896392,tfmini,277,1848
329.898651,laser,2,
329.905242,tfmini,291,1986
329.911987,laser,0,
329.918670,laser,3,
329.925354,laser,4,
329.932006,laser,8,
329.934478,tfmini,291,1894
329.938018,tfmini,292,1835
329.940673,tfmini,278,1992
329.945312,laser,12,
329.947570,tfmini,291,13598
329.951995,laser,3,
329.954986,tfmini,9369,15617
329.958648,laser,3,
329.961944,tfmini,290,4370
329.965301,laser,21,
329.967803,tfmini,291,39257
329.972045,laser,4,
329.973236,tfmini,0,1846
329.978118,tfmini,232,2357
329.982269,tfmini,1826,22937
329.985321,laser,13,
329.988769,tfmini,291,1846
329.992004,laser,11,
329.993499,tfmini,39192,8857
329.998626,laser,7,
330.004608,tfmini,291,1832
330.011962,laser,47,
330.018676,laser,4,
330.023895,tfmini,289,1845
330.025421,laser,13,
330.027587,tfmini,289,10761
330.032012,laser,0,
330.036376,tfmini,281,1829
330.038665,laser,4,
330.045288,laser,28,
330.051940,laser,199,
330.055450,tfmini,289,1847
330.058624,laser,2,
330.060211,tfmini,291,1840
330.061767,tfmini,291,15821
330.063323,tfmini,291,1825
330.065307,laser,13,
330.066955,tfmini,279,1847
330.071960,laser,15,
330.078582,laser,39,
330.083404,tfmini,291,1830
330.085235,laser,831,
330.088775,tfmini,291,1342
330.090301,tfmini,291,1855
330.092041,laser,2,
330.098571,laser,255,
330.105346,laser,1,
330.112030,laser,3,
330.114715,tfmini,289,1834
330.118560,laser,334,
330.120513,tfmini,292,10040
330.122344,tfmini,292,1780
330.125305,laser,4,
330.128265,tfmini,289,1850
330.131958,laser,9,
330.138641,laser,3,
330.140747,tfmini,224,322
330.143188,tfmini,257,1844
330.145294,laser,7,
330.151123,tfmini,290,14138
330.156280,tfmini,281,1827
330.158660,laser,0,
330.164337,tfmini,291,1836
330.165893,laser,5,
330.171966,laser,0,
330.177734,tfmini,291,1836
330.179199,laser,5,
330.181304,tfmini,291,39321
330.185272,laser,14,
330.191986,laser,1,
330.198364,tfmini,278,2054
330.205322,laser,1,
330.211975,laser,0,
330.218566,laser,274,
330.225250,tfmini,290,1829
330.231964,laser,4,
330.238220,tfmini,259,1849
330.241668,tfmini,290,1833
330.244110,tfmini,291,1993
330.245574,laser,2,
330.247650,tfmini,292,15647
330.249237,tfmini,292,39199
330.251861,laser,933,
330.258636,laser,0,
330.261260,tfmini,291,9580
330.265319,laser,5,
330.266693,tfmini,291,1848
330.270019,tfmini,290,1850
330.271881,laser,489,
330.276245,tfmini,291,39399
330.278564,laser,28,
330.285308,laser,2,
330.291961,laser,1,
330.298553,laser,59,
330.301147,tfmini,64803,39257
330.305236,laser,36,
330.309509,tfmini,291,1585
330.311950,laser,4,
330.318634,laser,0,
330.320953,tfmini,39228,64665
330.325286,laser,4,
330.328582,tfmini,232,332
330.331970,laser,1,
330.333129,tfmini,281,1838
330.338623,laser,1,
330.341186,tfmini,292,15676
330.345306,laser,4,
330.351989,laser,2,
330.358520,laser,188,
330.365325,laser,3,
330.371520,tfmini,493,1845
330.374633,tfmini,290,1827
330.377288,tfmini,291,1841
330.378753,laser,3,
330.384979,tfmini,290,1851
330.391937,laser,3,
330.393676,tfmini,290,13905
330.398590,laser,3,
330.405303,laser,4,
330.411956,laser,2,
330.418548,laser,26,
330.425262,laser,2,
330.428619,tfmini,290,1852
330.431945,laser,6,
330.438598,laser,1,
330.445281,laser,2,
330.451843,laser,527,
330.456390,tfmini,291,1834
330.458587,laser,5,
330.465270,laser,0,
330.471130,tfmini,290,1984
330.478607,laser,0,
330.485260,laser,2,
330.490142,tfmini,0,1840
330.491912,laser,27,
330.493682,tfmini,57,1545
330.498565,laser,6,
330.502838,tfmini,290,39221
330.505249,laser,6,
330.506835,tfmini,291,1837
330.511871,laser,70,
330.513977,tfmini,290,22873
330.518585,laser,0,
330.522369,tfmini,291,1845
330.524414,tfmini,291,1845
330.526977,tfmini,290,14705
330.528533,tfmini,290,1850
330.531860,laser,25,
330.538635,laser,0,
330.540954,tfmini,9113,64001
330.545196,laser,164,
330.547485,tfmini,291,11800
330.551940,laser,3,
330.558502,laser,94,
330.559661,tfmini,284,1851
330.563140,tfmini,291,1830
330.565246,laser,7,
330.571929,laser,0,
330.578491,laser,149,
330.585235,laser,1,
330.589294,tfmini,53,1994
330.591949,laser,1,
330.593750,tfmini,270,1987
330.597259,tfmini,290,1837
330.598724,laser,1,
330.605194,laser,24,
330.609283,tfmini,291,1984
330.611846,laser,65,
330.614715,tfmini,39257,291
330.616455,tfmini,291,1837
330.618560,laser,2,
330.625213,laser,6,
330.631866,laser,10,
330.634277,tfmini,9113,56065
330.638519,laser,4,
330.639892,tfmini,291,1842
330.645141,laser,945,
330.646728,tfmini,284,1994
330.651885,laser,0,
330.653594,tfmini,288,1845
330.658508,laser,19,
330.661376,tfmini,9049,10241
330.665222,laser,5,
330.671875,laser,12,
330.673034,tfmini,290,1838
330.674530,tfmini,289,39257
330.678527,laser,5,
330.681213,tfmini,0,1265
330.684753,tfmini,12770,39257
330.687744,tfmini,290,6956
330.691894,laser,0,
330.693878,tfmini,291,15897
330.695495,tfmini,15907,39257
330.698425,laser,931,
330.702331,tfmini,22819,9113
330.705230,laser,6,
330.707366,tfmini,290,1843
330.711853,laser,8,
330.713348,tfmini,291,22791
330.718536,laser,3,
330.721588,tfmini,39174,9113
330.725250,laser,12,
330.728179,tfmini,290,39203
330.730377,tfmini,290,1984
330.731872,laser,4,
330.733001,tfmini,11298,39321
330.735168,tfmini,290,11289
330.736694,tfmini,8857,11009
330.738433,laser,272,
330.745208,laser,4,
330.748260,tfmini,145,1840
330.751800,laser,84,
330.758422,laser,337,
330.763153,tfmini,290,1834
330.765167,laser,38,
330.768127,tfmini,39192,65433
330.771850,laser,10,
330.774810,tfmini,22937,234
330.778442,tfmini,282,1850
330.779968,tfmini,286,1850
330.785125,laser,587,
330.788635,tfmini,291,1853
330.791381,tfmini,290,1986
330.798522,laser,3,
330.805114,laser,974,
330.811828,laser,0,
330.817474,tfmini,493,1984
330.818969,laser,1,
330.825164,laser,6,
330.828613,tfmini,290,1799
330.831817,laser,41,
330.835510,tfmini,287,2683
330.838470,laser,11,
330.843872,tfmini,0,1832
330.845306,laser,3,
330.848602,tfmini,230,324
330.851837,laser,0,
330.855865,tfmini,289,1838
330.858489,laser,1,
330.865173,laser,0,
330.867401,tfmini,39203,9113
330.871765,laser,176,
330.876892,tfmini,1836,39321
330.878509,laser,0,
330.885192,laser,3,
330.891845,laser,4,
330.895996,tfmini,292,1819
330.898468,laser,6,
330.905151,laser,11,
330.906646,tfmini,269,22814
330.908355,tfmini,2557,39321
330.911804,laser,2,
330.915374,tfmini,22818,9113
330.917724,tfmini,291,1825
330.919219,tfmini,9113,13569
330.925109,laser,60,
330.927001,tfmini,290,1851
330.931762,laser,16,
330.936492,tfmini,0,1845
330.938507,laser,0,
330.945159,laser,0,
330.948486,tfmini,290,1991
330.951782,laser,21,
330.958496,laser,2,
330.965148,laser,1,
330.967559,tfmini,290,9030
330.971801,laser,3,
330.978454,laser,0,
330.982269,tfmini,518,1844
330.985076,laser,126,
330.987884,tfmini,9113,35841
330.991821,laser,3,
330.994140,tfmini,292,12294
330.998107,tfmini,291,2350
331.005065,laser,151,
331.011840,laser,8,
331.018035,tfmini,291,1984
331.025146,laser,0,
331.031799,laser,0,
331.038452,laser,3,
331.045104,laser,4,
331.051818,laser,3,
331.056579,tfmini,291,1843
331.058441,laser,3,
331.065124,laser,1,
331.066497,tfmini,291,1851
331.071746,laser,11,
331.074493,tfmini,290,39257
331.078430,laser,0,
331.085083,laser,0,
331.086456,tfmini,290,11555
331.091735,laser,10,
331.096069,tfmini,262,39177
331.098266,tfmini,282,1849
331.102325,tfmini,291,1847
331.105010,laser,716,
331.110961,tfmini,292,1847
331.118347,laser,825,
331.120391,tfmini,134,15320
331.123870,tfmini,0,1834
331.125305,laser,2,
331.126434,tfmini,0,1834
331.129913,tfmini,155,337
331.131683,tfmini,228,1853
331.138305,laser,568,
331.143066,tfmini,289,1835
331.145019,laser,13,
331.149383,tfmini,291,1836
331.151702,laser,1,
331.154083,tfmini,290,15166
331.158386,laser,0,
331.165100,laser,1,
331.171752,laser,0,
331.178405,laser,4,
331.185089,laser,1,
331.191650,laser,216,
331.197601,tfmini,291,1844
331.200103,tfmini,9113,10497
331.203765,tfmini,291,1852
331.205261,laser,2,
331.211700,laser,3,
331.214508,tfmini,0,1828
331.217864,tfmini,0,1844
331.219329,tfmini,0,1303
331.224945,laser,381,
331.228088,tfmini,290,39361
331.231628,laser,299,
331.237213,tfmini,288,1836
331.238708,laser,1,
331.244995,laser,8,
331.251678,laser,0,
331.258361,laser,13,
331.260131,tfmini,290,2851
331.264984,laser,4,
331.271667,laser,3,
331.278350,laser,7,
331.285003,laser,5,
331.289916,tfmini,291,1850
331.291625,laser,21,
331.298278,laser,11,
331.299682,tfmini,291,1846
331.304962,laser,17,
331.308074,tfmini,15200,2328
331.311584,laser,223,
331.318237,laser,35,
331.324981,laser,1,
331.329772,tfmini,289,1839
331.331604,laser,6,
331.336120,tfmini,291,1841
331.338226,laser,12,
331.342010,tfmini,291,1849
331.345001,laser,2,
331.350067,tfmini,291,1851
331.351623,laser,6,
331.353485,tfmini,290,3100
331.358215,laser,83,
331.361907,tfmini,290,1844
331.364715,tfmini,291,1842
331.370849,tfmini,281,2002
331.373718,tfmini,272,2070
331.375305,tfmini,271,1840
331.376800,tfmini,280,1840
331.378295,laser,2,
331.379425,tfmini,286,1847
331.384490,tfmini,0,22846
331.387512,tfmini,235,346
331.391052,tfmini,281,1985
331.394866,tfmini,289,1842
331.398193,laser,12,
331.401092,tfmini,290,22985
331.404907,laser,18,
331.411621,laser,0,
331.417846,tfmini,291,1851
331.424957,laser,1,
331.431610,laser,3,
331.436920,tfmini,290,1837
331.438385,laser,0,
331.444946,laser,1,
331.451507,laser,208,
331.458190,laser,131,
331.461944,tfmini,291,1863
331.464904,laser,12,
331.468353,tfmini,282,2306
331.471557,laser,11,
331.472961,tfmini,6176,39177
331.475189,tfmini,22818,8857
331.477569,tfmini,291,1832
331.481750,tfmini,291,1547
331.484924,laser,1,
331.491577,laser,1,
331.497222,tfmini,0,1836
331.498626,laser,15,
331.504852,laser,13,
331.511596,laser,0,
331.517333,tfmini,289,1842
331.518829,laser,50,
331.521331,tfmini,6179,22937
331.524871,laser,10,
331.527526,tfmini,291,1844
331.531585,laser,2,
331.534637,tfmini,291,1807
331.537139,tfmini,291,22937
331.538696,laser,2,
331.544891,laser,0,
331.548706,tfmini,292,1855
331.551544,laser,0,
331.558135,laser,38,
331.564849,laser,7,
331.568756,tfmini,291,1837
331.571441,laser,46,
331.578125,laser,17,
331.580017,tfmini,291,1992
331.584808,laser,78,
331.591522,laser,2,
331.598175,laser,0,
331.604858,laser,1,
331.610595,tfmini,290,1842
331.612060,laser,6,
331.618103,laser,4,
331.624816,laser,0,
331.627288,tfmini,291,1827
331.631469,laser,7,
331.635131,tfmini,254,1539
331.638092,laser,25,
331.639404,tfmini,246,1852
331.644775,laser,151,
331.647796,tfmini,291,1861
331.649719,tfmini,291,1840
331.651489,laser,2,
331.657684,tfmini,286,1842
331.662261,tfmini,0,1994
331.664764,laser,11,
331.669769,tfmini,262,1843
331.671386,laser,821,
331.676727,tfmini,290,1836
331.678283,laser,3,
331.684844,laser,5,
331.691406,laser,227,
331.698059,laser,80,
331.702880,tfmini,291,1839
331.704742,laser,139,
331.711486,laser,3,
331.716430,tfmini,291,1842
331.718048,laser,38,
331.724182,tfmini,290,1986
331.729156,tfmini,296,1986
331.731414,laser,10,
331.735473,tfmini,292,1837
331.738037,laser,16,
331.742156,tfmini,290,1841
331.744781,laser,11,
331.748992,tfmini,281,1851
331.751373,laser,133,
331.758026,laser,46,
331.760437,tfmini,291,1538
331.764739,laser,8,
331.771392,laser,9,
331.778045,laser,2,
331.781372,tfmini,230,319
331.784729,laser,0,
331.786987,tfmini,285,1850
331.791381,laser,10,
331.794891,tfmini,292,1849
331.797241,tfmini,290,39213
331.804718,laser,0,
331.809997,tfmini,290,1836
331.811462,laser,1,
331.818023,laser,6,
331.824707,laser,15,
331.826812,tfmini,9881,22937
331.828674,tfmini,292,1851
331.831390,laser,3,
331.834197,tfmini,291,11502
331.837951,laser,123,
331.844726,laser,4,
331.851379,laser,3,
331.854003,tfmini,61081,38656
331.857940,laser,178,
331.864715,laser,1,
331.867523,tfmini,252,1991
331.871093,tfmini,37,1845
331.873962,tfmini,234,328
331.877990,laser,12,
331.882171,tfmini,289,1849
331.884674,laser,5,
331.891326,laser,5,
331.896972,tfmini,291,1855
331.898498,laser,0,
331.904663,laser,4,
331.907012,tfmini,291,13675
331.911315,laser,5,
331.916839,tfmini,292,39209
331.918395,laser,6,
331.924682,laser,1,
331.927734,tfmini,291,1853
331.931365,laser,3,
331.937927,laser,17,
331.944641,laser,9,
331.951324,laser,0,
331.957885,laser,57,
331.961730,tfmini,0,1846
331.963134,tfmini,133,1835
331.964660,laser,1,
331.967742,tfmini,22873,232
331.970153,tfmini,260,1833
331.971649,laser,7,
331.977996,laser,16,
331.984588,laser,39,
331.985717,tfmini,291,4187
331.987274,tfmini,22819,9113
331.991302,laser,2,
331.997528,tfmini,291,1848
331.999877,tfmini,291,1812
332.004547,laser,191,
332.006591,tfmini,291,2919
332.008087,tfmini,291,39418
332.011230,laser,38,
332.014801,tfmini,9113,12801
332.017852,laser,49,
332.019531,tfmini,8857,12033
332.024597,laser,0,
332.031311,laser,4,
332.033294,tfmini,39203,9113
332.036712,tfmini,291,1848
332.038208,laser,3,
332.044525,laser,445,
332.047180,tfmini,289,4473
332.051208,laser,32,
332.054046,tfmini,8330,22937
332.057922,laser,1,
332.064117,tfmini,254,1845
332.065643,tfmini,270,1845
332.071075,tfmini,291,1854
332.072570,tfmini,291,15900
332.077819,laser,106,
332.082641,tfmini,292,1833
332.084197,tfmini,291,1844
332.091156,laser,125,
332.097778,laser,80,
332.100036,tfmini,290,22836
332.104522,laser,33,
332.108612,tfmini,291,1850
332.111206,laser,8,
332.113403,tfmini,291,11874
332.115844,tfmini,291,1863
332.117828,laser,9,
332.122680,tfmini,279,1842
332.124542,laser,0,
332.126647,tfmini,39169,9049
332.129608,tfmini,291,1851
332.131195,laser,3,
332.137786,laser,29,
332.139312,tfmini,290,1849
332.141082,tfmini,290,4414
332.144439,laser,971,
332.146636,tfmini,291,1854
332.151153,laser,8,
332.153991,tfmini,157,313
332.157745,laser,60,
332.161987,tfmini,290,1846
332.164489,laser,18,
332.171203,laser,0,
332.177734,laser,803,
332.184509,laser,2,
332.189880,tfmini,291,1840
332.191345,laser,1,
332.197479,tfmini,490,1847
332.202545,tfmini,291,1836
332.204406,laser,53,
332.211151,laser,3,
332.213256,tfmini,264,2393
332.215515,tfmini,255,1843
332.217803,laser,3,
332.218994,tfmini,279,1852
332.224487,laser,1,
332.228332,tfmini,2339,39257
332.231170,laser,0,
332.236419,tfmini,292,1835
332.237945,laser,1,
332.244476,laser,0,
332.246215,tfmini,0,1378
332.251037,laser,133,
332.256744,tfmini,291,1840
332.258239,laser,4,
332.264434,laser,1,
332.270172,tfmini,290,1843
332.271667,laser,13,
332.277221,tfmini,291,1843
332.280456,tfmini,1827,39257
332.284362,laser,651,
332.288238,tfmini,289,1494
332.290710,tfmini,39177,27033
332.294464,tfmini,290,1842
332.297668,laser,42,
332.304382,laser,5,
332.310974,tfmini,284,1848
332.316497,tfmini,293,1840
332.318054,laser,3,
332.319152,tfmini,293,9517
332.324401,laser,1,
332.331085,laser,0,
332.333496,tfmini,39169,52889
332.337738,laser,2,
332.344299,laser,438,
332.347839,tfmini,290,1847
332.351013,laser,6,
332.353332,tfmini,291,15724
332.356994,tfmini,280,1831
332.358886,tfmini,290,5203
332.363555,tfmini,291,1836
332.366424,tfmini,291,8210
332.368438,tfmini,291,1853
332.370941,laser,486,
332.377593,laser,115,
332.379180,tfmini,290,6203
332.382049,tfmini,513,1838
332.384307,laser,13,
332.387786,tfmini,290,10758
332.389343,tfmini,290,22937
332.391021,laser,3,
332.397583,laser,501,
332.400817,tfmini,245,1574
332.404266,laser,32,
332.410949,laser,2,
332.412445,tfmini,290,10857
332.414733,tfmini,290,1806
332.417602,laser,8,
332.424255,laser,23,
332.430969,laser,3,
332.437561,laser,28,
332.444274,laser,4,
332.446228,tfmini,290,15559
332.450897,laser,2,
332.453643,tfmini,39203,9049
332.457580,laser,8,
332.464263,laser,9,
332.470916,laser,6,
332.473754,tfmini,291,1320
332.477539,laser,12,
332.484283,laser,3,
332.489654,tfmini,291,1988
332.491149,laser,3,
332.497558,laser,1,
332.504211,laser,3,
332.510925,laser,0,
332.515686,tfmini,283,1828
332.517547,laser,4,
332.519348,tfmini,289,1984
332.521759,tfmini,146,1844
332.524230,laser,25,
332.526153,tfmini,2,1845
332.530975,laser,6,
332.533569,tfmini,290,4735
332.535675,tfmini,291,1831
332.537780,laser,0,
332.544586,laser,9,
332.547027,tfmini,22785,8793
332.551544,laser,1,
332.558410,tfmini,290,65534
332.562744,tfmini,0,1854
332.565368,laser,21,
332.572326,laser,0,
332.576965,tfmini,53,288
332.579315,laser,1,
332.582397,tfmini,564,1846
332.585845,tfmini,575,1986
332.590911,tfmini,130,39218
332.593292,laser,0,
332.595977,tfmini,559,1852
332.598449,tfmini,794,1842
332.600311,laser,0,
332.607177,laser,494,
332.609558,tfmini,289,283
332.613037,tfmini,289,283
332.614410,laser,6,
332.615478,tfmini,288,1825
332.621276,laser,46,
332.628295,laser,1,
332.630218,tfmini,284,297
332.635314,laser,0,
332.639862,tfmini,0,1052
332.642303,tfmini,0,583
332.649414,laser,0,
332.656311,laser,484,
332.660430,tfmini,412,292
332.662841,tfmini,500,286
332.664398,tfmini,293,65534
332.665924,tfmini,290,1853
332.670471,laser,0,
332.675689,tfmini,272,1996
332.677398,laser,44,
332.680084,tfmini,280,299
332.684448,laser,548,
332.691528,laser,0,
332.696868,tfmini,643,1984
332.698425,tfmini,305,65534
332.705596,laser,11,
332.708892,tfmini,648,1849
332.712677,laser,0,
332.714477,tfmini,547,295
332.719665,laser,3,
332.726776,laser,4,
332.733795,laser,598,
332.735076,tfmini,263,298
332.740936,laser,2,
332.742370,tfmini,288,292
332.743804,tfmini,288,291
332.748046,laser,529,
332.755187,laser,6,
332.762359,laser,20,
332.769683,laser,0,
332.776885,laser,0,
332.781127,tfmini,246,1661
332.784088,laser,113,
332.785736,tfmini,794,1998
332.791473,laser,16,
332.795043,tfmini,289,6171
332.798858,laser,2,
332.806182,laser,20,
332.813629,laser,104,
332.816253,tfmini,245,461
332.821075,laser,2,
332.826934,tfmini,129,293
332.828582,laser,0,
332.834045,tfmini,795,1841
332.835968,laser,154,
332.840057,tfmini,533,273
332.843292,laser,985,
332.859558,tfmini,560,485
332.862060,tfmini,566,297
332.863494,tfmini,647,297
332.866149,laser,355,
332.871124,tfmini,226,286
332.873596,tfmini,235,1854
332.881500,laser,0,
332.889068,laser,0,
332.890655,tfmini,284,2146
332.895111,tfmini,800,2006
332.896575,laser,0,
332.904052,laser,7,
332.908569,tfmini,258,305
332.911468,laser,57,
332.918457,tfmini,0,1986
332.919860,laser,915,
332.921051,tfmini,0,291
332.926208,laser,6,
332.932800,tfmini,288,65535
332.934326,laser,1,
332.940551,laser,89,
332.947570,tfmini,294,1844
332.955108,laser,45,
332.961730,tfmini,291,1847
332.963226,laser,0,
332.967102,tfmini,384,268
332.968566,tfmini,412,268
332.970520,laser,13,
332.974090,tfmini,291,2097
332.977630,tfmini,290,1851
332.979278,tfmini,755,39196
332.983093,laser,899,
332.985992,tfmini,0,65534
333.006774,tfmini,0,305
333.013732,laser,875,
333.019378,laser,725,
333.026824,tfmini,274,465
333.028259,laser,160,
333.031494,tfmini,6233,16128
333.035461,laser,0,
333.043121,laser,199,
333.050567,laser,142,
333.057769,laser,4,
333.061401,tfmini,26,293
333.064849,laser,31,
333.068420,tfmini,231,452
333.072174,laser,0,
333.074005,tfmini,270,1841
333.079864,laser,1,
333.087982,laser,2,
333.095275,tfmini,0,65535
333.096710,laser,0,
333.099761,tfmini,0,298
333.104461,laser,710,
333.132659,tfmini,230,285
333.147491,tfmini,254,281
333.153961,tfmini,279,2027
333.163482,tfmini,25,1254
333.165954,tfmini,22,287
333.169433,tfmini,39,270
333.170867,tfmini,48,288
333.177276,tfmini,257,1996
333.180725,tfmini,277,1854
333.184051,laser,960,
333.189544,tfmini,284,1855
333.191864,laser,0,
333.200256,laser,433,
333.205444,tfmini,287,2013
333.206970,tfmini,287,2013
333.208618,laser,4,
333.212615,tfmini,285,1985
333.216674,laser,5,
333.223999,tfmini,26,8784
333.225463,laser,0,
333.231170,laser,11,
333.238281,tfmini,46,1643
333.239746,laser,0,
333.242584,tfmini,226,319
333.246307,laser,22,
333.248077,tfmini,270,1844
333.254516,tfmini,287,289
333.256042,laser,3,
333.261138,tfmini,384,294
333.263793,laser,0,
333.272460,tfmini,294,2090
333.279937,laser,732,
333.289154,tfmini,11,479
333.304565,tfmini,265,7448
333.308990,tfmini,225,1837
333.312561,tfmini,266,353
333.315979,tfmini,30,365
333.329010,tfmini,401,258
333.358520,laser,970,
333.362182,tfmini,250,2027
333.366333,laser,11,
333.370666,tfmini,272,2035
333.373321,tfmini,275,2015
333.375518,laser,3,
333.381011,tfmini,277,2011
333.384307,laser,131,
333.390625,tfmini,2312,39321
333.392974,laser,1,
333.399200,tfmini,12,10047
333.401275,laser,2,
333.402343,tfmini,14,535
333.408599,tfmini,48,2328
333.410034,laser,4,
333.413818,tfmini,224,2013
333.417236,tfmini,269,1994
333.418792,laser,0,
333.424133,tfmini,281,287
333.426452,laser,207,
333.428558,tfmini,288,762
333.435882,laser,0,
333.438079,tfmini,292,459
333.443206,laser,441,
333.444702,tfmini,254,1851
333.446166,laser,1,
333.447235,tfmini,265,1373
333.451904,tfmini,280,2023
333.453918,laser,826,
333.464630,tfmini,266,288
333.481292,tfmini,387,1873
333.494720,tfmini,402,989
333.497192,laser,818,
333.500701,tfmini,659,1871
333.505615,laser,0,
333.508300,tfmini,287,5338
333.509826,tfmini,316,307
333.513336,tfmini,494,312
333.515594,laser,0,
333.517822,tfmini,260,1992
333.522491,tfmini,138,555
333.525177,laser,3,
333.529083,tfmini,242,2409
333.532531,tfmini,239,486
333.534332,laser,66,
333.540283,tfmini,28,1743
333.541809,tfmini,29,478
333.543212,laser,268,
333.552001,laser,20,
333.556549,tfmini,649,1846
333.561279,laser,12,
333.571319,laser,120,
333.572601,tfmini,480,276
333.577941,tfmini,483,1559
333.580810,laser,891,
333.583557,tfmini,309,1839
333.593933,tfmini,290,1273
333.602966,tfmini,291,1276
333.606109,laser,256,
333.608856,tfmini,288,1984
333.616333,laser,922,
333.625091,laser,3,
333.630462,tfmini,249,2831
333.631988,tfmini,133,2831
333.635437,laser,44,
333.638641,tfmini,4,5961
333.644836,laser,7,
333.651916,tfmini,228,8791
333.653381,laser,0,
333.661987,laser,5,
333.664916,tfmini,242,274
333.672058,laser,2,
333.679718,tfmini,289,1837
333.683380,laser,2,
333.685333,tfmini,289,636
333.694091,tfmini,232,2393
333.700622,tfmini,482,1831
333.709228,tfmini,0,1833
333.740234,tfmini,267,1998
333.748260,laser,877,
333.755249,laser,149,
333.764129,tfmini,291,1840
333.766723,laser,118,
333.770996,tfmini,290,1842
333.772521,tfmini,290,1828
333.776824,laser,295,
333.782318,tfmini,289,1818
333.783813,laser,119,
333.790069,laser,278,
333.797088,tfmini,26,1820
333.800689,laser,142,
333.803314,tfmini,148,1882
333.806732,tfmini,263,22937
333.812652,tfmini,44,383
333.813995,laser,0,
333.815063,tfmini,152,1885
333.820373,tfmini,285,1808
333.822998,tfmini,288,2550
333.824554,tfmini,288,1127
333.828979,tfmini,130,1849
333.833312,tfmini,34,55576
333.856384,tfmini,149,1912
333.858978,tfmini,51,278
333.874450,tfmini,755,1332
333.877899,tfmini,574,370
333.891540,tfmini,286,1854
333.897033,tfmini,289,1844
333.898529,tfmini,289,1852
333.900085,tfmini,289,1852
