config_id,rpm_launch,radius_mm,ring_height_mm,ring_thickness_mm,blade_count,inner_thickness_pct,inner_max_pos,inner_camber,inner_chord_mm,inner_angle_deg,mid_radial_pos,mid_chord_mm,mid_angle_deg,outer_thickness_pct,outer_max_pos,outer_camber,outer_chord_mm,outer_angle_deg,mass_g,izz_kg_m2,confidence_score,stl_ok,can_liftoff,h_max_m,data_source,geometry_source,meas_h_median,meas_h_mean,meas_h_min,meas_h_max,n_pass_runs,meas_censored,h_sim_release_m,h_sim_aero_m
0,2000,66.0,4.0,2.0,6.0,21.0,3.0,0.0,5.0,25.0,0.6,27.0,14.0,6.0,6.0,1.0,23.0,4.0,18.6,3.928798806825393e-05,0.975,True,True,0.04195,measured,main_geometry_table,0.04195,0.04195,0.0332,0.0507,2,False,0.29570568,0.0
0,2500,66.0,4.0,2.0,6.0,21.0,3.0,0.0,5.0,25.0,0.6,27.0,14.0,6.0,6.0,1.0,23.0,4.0,18.6,3.928798806825393e-05,0.975,True,True,0.0598,measured,main_geometry_table,0.0818,0.0738333333333333,0.01,0.1297,3,False,0.29570568,0.0
0,3000,66.0,4.0,2.0,6.0,21.0,3.0,0.0,5.0,25.0,0.6,27.0,14.0,6.0,6.0,1.0,23.0,4.0,18.6,3.928798806825393e-05,0.975,True,True,0.0598,measured,main_geometry_table,0.0458,0.0457666666666666,0.0319,0.0596,3,False,0.29570568,0.0
0,3500,66.0,4.0,2.0,6.0,21.0,3.0,0.0,5.0,25.0,0.6,27.0,14.0,6.0,6.0,1.0,23.0,4.0,18.6,3.928798806825393e-05,0.975,True,True,0.0895,measured,main_geometry_table,0.0836,0.0904,0.0765,0.1111,3,False,0.29689113,0.00837828
0,4000,66.0,4.0,2.0,6.0,21.0,3.0,0.0,5.0,25.0,0.6,27.0,14.0,6.0,6.0,1.0,23.0,4.0,18.6,3.928798806825393e-05,0.975,True,True,0.0895,measured,main_geometry_table,0.0993,0.1017333333333333,0.0935,0.1124,3,False,0.36958767,0.5221709
0,4500,66.0,4.0,2.0,6.0,21.0,3.0,0.0,5.0,25.0,0.6,27.0,14.0,6.0,6.0,1.0,23.0,4.0,18.6,3.928798806825393e-05,0.975,True,True,0.0895,measured,main_geometry_table,0.0822,0.0763666666666666,0.0634,0.0835,3,False,0.51992797,1.58472111
0,5000,66.0,4.0,2.0,6.0,21.0,3.0,0.0,5.0,25.0,0.6,27.0,14.0,6.0,6.0,1.0,23.0,4.0,18.6,3.928798806825393e-05,0.975,True,True,0.3051,measured,main_geometry_table,0.3051,0.3051,0.3051,0.3051,1,False,0.706586,2.90395186
23,1500,73.0,4.0,2.0,4.0,24.0,8.0,9.0,7.0,20.0,0.6,28.0,6.0,15.0,2.0,7.0,27.0,4.0,24.7,6.977703811060886e-05,1.0,True,True,0.04975,measured,main_geometry_table,0.04975,0.04975,0.0484,0.0511,2,False,0.29570568,0.0
23,2000,73.0,4.0,2.0,4.0,24.0,8.0,9.0,7.0,20.0,0.6,28.0,6.0,15.0,2.0,7.0,27.0,4.0,24.7,6.977703811060886e-05,1.0,True,True,0.2778,measured,main_geometry_table,0.7638499999999999,0.7638499999999999,0.3556,1.1721,2,False,0.29570568,0.0
23,2500,73.0,4.0,2.0,4.0,24.0,8.0,9.0,7.0,20.0,0.6,28.0,6.0,15.0,2.0,7.0,27.0,4.0,24.7,6.977703811060886e-05,1.0,True,True,0.2778,measured,main_geometry_table,0.0414,0.0637666666666666,0.0385,0.1114,3,False,0.29570568,0.0
23,3000,73.0,4.0,2.0,4.0,24.0,8.0,9.0,7.0,20.0,0.6,28.0,6.0,15.0,2.0,7.0,27.0,4.0,24.7,6.977703811060886e-05,1.0,True,True,0.2778,measured,main_geometry_table,0.1695,0.1677999999999999,0.0926,0.2413,3,False,0.29570568,0.0
23,3500,73.0,4.0,2.0,4.0,24.0,8.0,9.0,7.0,20.0,0.6,28.0,6.0,15.0,2.0,7.0,27.0,4.0,24.7,6.977703811060886e-05,1.0,True,True,0.3100333333333333,measured,main_geometry_table,0.2766,0.3100333333333333,0.2086,0.4449,3,False,0.29570568,0.0
23,4000,73.0,4.0,2.0,4.0,24.0,8.0,9.0,7.0,20.0,0.6,28.0,6.0,15.0,2.0,7.0,27.0,4.0,24.7,6.977703811060886e-05,1.0,True,True,0.3559699999999999,measured,main_geometry_table,0.6417,0.6961666666666666,0.1365,1.3103,3,False,0.29677897,0.00758559
23,4500,73.0,4.0,2.0,4.0,24.0,8.0,9.0,7.0,20.0,0.6,28.0,6.0,15.0,2.0,7.0,27.0,4.0,24.7,6.977703811060886e-05,1.0,True,True,0.3559699999999999,measured,main_geometry_table,0.17035,0.17035,0.1574,0.1833,2,False,0.33020146,0.24380353
23,5000,73.0,4.0,2.0,4.0,24.0,8.0,9.0,7.0,20.0,0.6,28.0,6.0,15.0,2.0,7.0,27.0,4.0,24.7,6.977703811060886e-05,1.0,True,True,0.3559699999999999,measured,main_geometry_table,0.242,0.1903333333333333,0.0298,0.2992,3,False,0.3994793,0.73343395
23,5500,73.0,4.0,2.0,4.0,24.0,8.0,9.0,7.0,20.0,0.6,28.0,6.0,15.0,2.0,7.0,27.0,4.0,24.7,6.977703811060886e-05,1.0,True,True,0.3559699999999999,measured,main_geometry_table,0.3062,0.3062,0.3062,0.3062,1,False,0.48343051,1.32677043
23,6000,73.0,4.0,2.0,4.0,24.0,8.0,9.0,7.0,20.0,0.6,28.0,6.0,15.0,2.0,7.0,27.0,4.0,24.7,6.977703811060886e-05,1.0,True,True,0.3559699999999999,measured,main_geometry_table,0.2533,0.2533,0.2533,0.2533,1,False,0.5712431,1.94739768
60,1500,70.0,4.0,2.0,6.0,22.0,8.0,1.0,6.0,17.0,0.5,30.0,14.0,16.0,8.0,9.0,24.0,3.0,36.7,8.091732559610461e-05,1.0,True,False,0.0201399999999999,measured,main_geometry_table,0.0353,0.0353,0.0353,0.0353,1,False,0.29570568,0.0
60,2000,70.0,4.0,2.0,6.0,22.0,8.0,1.0,6.0,17.0,0.5,30.0,14.0,16.0,8.0,9.0,24.0,3.0,36.7,8.091732559610461e-05,1.0,True,False,0.0201399999999999,measured,main_geometry_table,0.025,0.025,0.025,0.025,1,False,0.29570568,0.0
60,2500,70.0,4.0,2.0,6.0,22.0,8.0,1.0,6.0,17.0,0.5,30.0,14.0,16.0,8.0,9.0,24.0,3.0,36.7,8.091732559610461e-05,1.0,True,False,0.0201399999999999,measured,main_geometry_table,0.0202,0.0202,0.0192,0.0212,2,False,0.29570568,0.0
60,3000,70.0,4.0,2.0,6.0,22.0,8.0,1.0,6.0,17.0,0.5,30.0,14.0,16.0,8.0,9.0,24.0,3.0,36.7,8.091732559610461e-05,1.0,True,False,0.0201399999999999,measured,main_geometry_table,0.0,0.0,0.0,0.0,1,False,0.29570568,0.0
60,3500,70.0,4.0,2.0,6.0,22.0,8.0,1.0,6.0,17.0,0.5,30.0,14.0,16.0,8.0,9.0,24.0,3.0,36.7,8.091732559610461e-05,1.0,True,False,0.0394,measured,main_geometry_table,0.0482,0.0482,0.0482,0.0482,1,False,0.29570568,0.0
60,4500,70.0,4.0,2.0,6.0,22.0,8.0,1.0,6.0,17.0,0.5,30.0,14.0,16.0,8.0,9.0,24.0,3.0,36.7,8.091732559610461e-05,1.0,True,False,0.0394,measured,main_geometry_table,0.0306,0.0306,0.0306,0.0306,1,False,0.36783768,0.50980254
60,5000,70.0,4.0,2.0,6.0,22.0,8.0,1.0,6.0,17.0,0.5,30.0,14.0,16.0,8.0,9.0,24.0,3.0,36.7,8.091732559610461e-05,1.0,True,True,0.1356,measured,main_geometry_table,0.1356,0.1356,0.0528,0.2184,2,False,0.55698273,1.84661062
60,5500,70.0,4.0,2.0,6.0,22.0,8.0,1.0,6.0,17.0,0.5,30.0,14.0,16.0,8.0,9.0,24.0,3.0,36.7,8.091732559610461e-05,1.0,True,True,0.2964,measured,main_geometry_table,0.2964,0.2964,0.2964,0.2964,1,False,0.80620206,3.60800174
60,6000,70.0,4.0,2.0,6.0,22.0,8.0,1.0,6.0,17.0,0.5,30.0,14.0,16.0,8.0,9.0,24.0,3.0,36.7,8.091732559610461e-05,1.0,True,True,2.5043,measured,main_geometry_table,2.5043,2.5043,2.5043,2.5043,1,True,1.07775191,5.52721676
178,1500,62.0,5.0,2.5,6.0,21.0,5.0,5.0,5.0,19.0,0.6,12.0,14.0,15.0,5.0,3.0,11.0,13.0,8.8,2.2390062047165536e-05,1.0,True,True,0.1498833333333333,measured,main_geometry_table,0.1837,0.1694333333333333,0.1121,0.2125,3,False,0.29570568,0.0
178,2000,62.0,5.0,2.5,6.0,21.0,5.0,5.0,5.0,19.0,0.6,12.0,14.0,15.0,5.0,3.0,11.0,13.0,8.8,2.2390062047165536e-05,1.0,True,True,0.1498833333333333,measured,main_geometry_table,0.1075,0.1303333333333333,0.1042,0.1793,3,False,0.29570568,0.0
178,2500,62.0,5.0,2.5,6.0,21.0,5.0,5.0,5.0,19.0,0.6,12.0,14.0,15.0,5.0,3.0,11.0,13.0,8.8,2.2390062047165536e-05,1.0,True,True,0.2406666666666666,measured,main_geometry_table,0.2725,0.2406666666666666,0.0971,0.3524,3,False,0.29570568,0.0
178,3000,62.0,5.0,2.5,6.0,21.0,5.0,5.0,5.0,19.0,0.6,12.0,14.0,15.0,5.0,3.0,11.0,13.0,8.8,2.2390062047165536e-05,1.0,True,True,0.736925,measured,main_geometry_table,0.8894,0.8767,0.7496,0.9911,3,False,0.33935573,0.3085026
178,3500,62.0,5.0,2.5,6.0,21.0,5.0,5.0,5.0,19.0,0.6,12.0,14.0,15.0,5.0,3.0,11.0,13.0,8.8,2.2390062047165536e-05,1.0,True,True,0.736925,measured,main_geometry_table,0.3176,0.3176,0.3176,0.3176,1,False,0.53398072,1.68404083
218,1500,76.0,4.0,2.0,4.0,15.0,2.0,7.0,7.0,22.0,0.4,12.0,13.0,10.0,6.0,2.0,11.0,13.0,7.01553,2.6664635078272917e-05,0.55,True,True,0.106,measured,validation_sample,0.1333,0.106,0.0488,0.1359,3,False,,
218,2000,76.0,4.0,2.0,4.0,15.0,2.0,7.0,7.0,22.0,0.4,12.0,13.0,10.0,6.0,2.0,11.0,13.0,7.01553,2.6664635078272917e-05,0.55,True,True,0.6065666666666666,measured,validation_sample,0.4967,0.6065666666666666,0.3711,0.9519,3,False,,
218,2500,76.0,4.0,2.0,4.0,15.0,2.0,7.0,7.0,22.0,0.4,12.0,13.0,10.0,6.0,2.0,11.0,13.0,7.01553,2.6664635078272917e-05,0.55,True,True,1.0306333333333333,measured,validation_sample,1.3427,1.0306333333333333,0.3793,1.3699,3,False,,
218,3000,76.0,4.0,2.0,4.0,15.0,2.0,7.0,7.0,22.0,0.4,12.0,13.0,10.0,6.0,2.0,11.0,13.0,7.01553,2.6664635078272917e-05,0.55,True,True,1.9652,measured,validation_sample,2.3931,2.388233333333333,2.3603,2.4113,3,True,,
218,3500,76.0,4.0,2.0,4.0,15.0,2.0,7.0,7.0,22.0,0.4,12.0,13.0,10.0,6.0,2.0,11.0,13.0,7.01553,2.6664635078272917e-05,0.55,True,True,1.9652,measured,validation_sample,0.6961,0.6961,0.6961,0.6961,1,False,,
230,1500,60.0,4.0,2.0,6.0,24.0,4.0,6.0,6.0,21.0,0.7,21.0,15.0,10.0,5.0,9.0,21.0,3.0,14.2,2.710956412007641e-05,1.0,True,False,0.0452,measured,main_geometry_table,0.0438,0.0452,0.0434,0.0484,3,False,,
230,2000,60.0,4.0,2.0,6.0,24.0,4.0,6.0,6.0,21.0,0.7,21.0,15.0,10.0,5.0,9.0,21.0,3.0,14.2,2.710956412007641e-05,1.0,True,True,0.0781399999999999,measured,main_geometry_table,0.1336999999999999,0.1336999999999999,0.0108,0.2566,2,False,,
230,2500,60.0,4.0,2.0,6.0,24.0,4.0,6.0,6.0,21.0,0.7,21.0,15.0,10.0,5.0,9.0,21.0,3.0,14.2,2.710956412007641e-05,1.0,True,True,0.0781399999999999,measured,main_geometry_table,0.0411,0.0411,0.032,0.0502,3,False,,
230,3000,60.0,4.0,2.0,6.0,24.0,4.0,6.0,6.0,21.0,0.7,21.0,15.0,10.0,5.0,9.0,21.0,3.0,14.2,2.710956412007641e-05,1.0,True,True,0.1744,measured,main_geometry_table,0.2072,0.2089,0.1432,0.2763,3,False,,
230,3500,60.0,4.0,2.0,6.0,24.0,4.0,6.0,6.0,21.0,0.7,21.0,15.0,10.0,5.0,9.0,21.0,3.0,14.2,2.710956412007641e-05,1.0,True,True,0.1744,measured,main_geometry_table,0.1192,0.1399,0.113,0.1875,3,False,,
230,4500,60.0,4.0,2.0,6.0,24.0,4.0,6.0,6.0,21.0,0.7,21.0,15.0,10.0,5.0,9.0,21.0,3.0,14.2,2.710956412007641e-05,1.0,True,True,0.3435,measured,main_geometry_table,0.3435,0.3435,0.3435,0.3435,1,False,,
370,1500,74.0,4.0,2.0,6.0,23.0,3.0,1.0,6.0,20.0,0.5,10.0,10.0,21.0,6.0,7.0,10.0,10.0,9.1,2.7905332719652e-05,1.0,True,True,0.1371857142857143,measured,main_geometry_table,0.2193,0.2159333333333333,0.1555,0.273,3,False,0.29570568,0.0
370,2000,74.0,4.0,2.0,6.0,23.0,3.0,1.0,6.0,20.0,0.5,10.0,10.0,21.0,6.0,7.0,10.0,10.0,9.1,2.7905332719652e-05,1.0,True,False,0.1371857142857143,measured,main_geometry_table,0.0494499999999999,0.0494499999999999,0.0491,0.0498,2,False,0.29570568,0.0
370,2500,74.0,4.0,2.0,6.0,23.0,3.0,1.0,6.0,20.0,0.5,10.0,10.0,21.0,6.0,7.0,10.0,10.0,9.1,2.7905332719652e-05,1.0,True,True,0.1371857142857143,measured,main_geometry_table,0.1068,0.1068,0.0548,0.1588,2,False,0.29570568,0.0
370,3000,74.0,4.0,2.0,6.0,23.0,3.0,1.0,6.0,20.0,0.5,10.0,10.0,21.0,6.0,7.0,10.0,10.0,9.1,2.7905332719652e-05,1.0,True,True,0.2174666666666666,measured,main_geometry_table,0.2229,0.2174666666666666,0.198,0.2315,3,False,0.31525116,0.13814029
394,2000,69.0,7.0,3.5,6.0,21.0,5.0,0.0,6.0,17.0,0.5,30.0,14.0,18.0,6.0,1.0,20.0,13.0,39.9,0.0001173731000867,0.8,True,False,0.0,measured,main_geometry_table,0.0,0.0,0.0,0.0,1,False,0.29570568,0.0
394,2500,69.0,7.0,3.5,6.0,21.0,5.0,0.0,6.0,17.0,0.5,30.0,14.0,18.0,6.0,1.0,20.0,13.0,39.9,0.0001173731000867,0.8,True,False,0.0449,measured,main_geometry_table,0.0449,0.0449,0.0449,0.0449,1,False,0.29570568,0.0
394,5500,69.0,7.0,3.5,6.0,21.0,5.0,0.0,6.0,17.0,0.5,30.0,14.0,18.0,6.0,1.0,20.0,13.0,39.9,0.0001173731000867,0.8,True,True,0.296,measured,main_geometry_table,0.296,0.296,0.296,0.296,1,False,0.76974236,3.35031788
394,6000,69.0,7.0,3.5,6.0,21.0,5.0,0.0,6.0,17.0,0.5,30.0,14.0,18.0,6.0,1.0,20.0,13.0,39.9,0.0001173731000867,0.8,True,True,2.4073,measured,main_geometry_table,2.4073,2.4073,2.3278,2.4868,2,True,1.14734153,6.0190508
492,1500,77.0,4.0,2.0,3.0,16.0,3.0,3.0,8.0,21.0,0.7,27.0,4.0,8.0,8.0,5.0,20.0,2.0,12.1,3.48455093374412e-05,0.8,True,True,0.1885666666666666,measured,main_geometry_table,0.1707,0.1885666666666666,0.1265,0.2685,3,False,0.29570568,0.0
492,2000,77.0,4.0,2.0,3.0,16.0,3.0,3.0,8.0,21.0,0.7,27.0,4.0,8.0,8.0,5.0,20.0,2.0,12.1,3.48455093374412e-05,0.8,True,True,0.2098,measured,main_geometry_table,0.1366,0.2284333333333333,0.1059,0.4428,3,False,0.29570568,0.0
492,2500,77.0,4.0,2.0,3.0,16.0,3.0,3.0,8.0,21.0,0.7,27.0,4.0,8.0,8.0,5.0,20.0,2.0,12.1,3.48455093374412e-05,0.8,True,True,0.2098,measured,main_geometry_table,0.1926,0.1911666666666666,0.1736,0.2073,3,False,0.29570568,0.0
492,3000,77.0,4.0,2.0,3.0,16.0,3.0,3.0,8.0,21.0,0.7,27.0,4.0,8.0,8.0,5.0,20.0,2.0,12.1,3.48455093374412e-05,0.8,True,True,0.2184777777777777,measured,main_geometry_table,0.4087,0.3654666666666666,0.262,0.4257,3,False,0.29570568,0.0
492,3500,77.0,4.0,2.0,3.0,16.0,3.0,3.0,8.0,21.0,0.7,27.0,4.0,8.0,8.0,5.0,20.0,2.0,12.1,3.48455093374412e-05,0.8,True,True,0.2184777777777777,measured,main_geometry_table,0.086,0.1736666666666666,0.0807,0.3543,3,False,0.32590588,0.21344391
492,4000,77.0,4.0,2.0,3.0,16.0,3.0,3.0,8.0,21.0,0.7,27.0,4.0,8.0,8.0,5.0,20.0,2.0,12.1,3.48455093374412e-05,0.8,True,True,0.2184777777777777,measured,main_geometry_table,0.112,0.1163,0.1109,0.126,3,False,0.41407749,0.83660865
492,4500,77.0,4.0,2.0,3.0,16.0,3.0,3.0,8.0,21.0,0.7,27.0,4.0,8.0,8.0,5.0,20.0,2.0,12.1,3.48455093374412e-05,0.8,True,True,0.29103,measured,main_geometry_table,0.4214,0.3713333333333333,0.1776,0.515,3,False,0.52000918,1.58529509
492,5000,77.0,4.0,2.0,3.0,16.0,3.0,3.0,8.0,21.0,0.7,27.0,4.0,8.0,8.0,5.0,20.0,2.0,12.1,3.48455093374412e-05,0.8,True,True,0.29103,measured,main_geometry_table,0.297,0.2252666666666666,0.0446,0.3342,3,False,0.62939679,2.35840671
492,5500,77.0,4.0,2.0,3.0,16.0,3.0,3.0,8.0,21.0,0.7,27.0,4.0,8.0,8.0,5.0,20.0,2.0,12.1,3.48455093374412e-05,0.8,True,True,0.29103,measured,main_geometry_table,0.2679,0.2767666666666666,0.1944,0.368,3,False,0.73793589,3.1255214
492,6000,77.0,4.0,2.0,3.0,16.0,3.0,3.0,8.0,21.0,0.7,27.0,4.0,8.0,8.0,5.0,20.0,2.0,12.1,3.48455093374412e-05,0.8,True,True,0.29103,measured,main_geometry_table,0.2902,0.2902,0.2902,0.2902,1,False,0.84431982,3.87740414
507,1500,61.0,4.0,2.0,6.0,22.0,7.0,5.0,5.0,25.0,0.7,25.0,8.0,8.0,3.0,5.0,22.0,3.0,16.3,2.8866289909345748e-05,0.8,True,False,0.0469,measured,main_geometry_table,0.0482,0.0469,0.0442,0.0483,3,False,0.29570568,0.0
507,2000,61.0,4.0,2.0,6.0,22.0,7.0,5.0,5.0,25.0,0.7,25.0,8.0,8.0,3.0,5.0,22.0,3.0,16.3,2.8866289909345748e-05,0.8,True,True,0.0469,measured,main_geometry_table,0.0469,0.0469,0.0438,0.05,2,False,0.29570568,0.0
507,2500,61.0,4.0,2.0,6.0,22.0,7.0,5.0,5.0,25.0,0.7,25.0,8.0,8.0,3.0,5.0,22.0,3.0,16.3,2.8866289909345748e-05,0.8,True,True,0.0796125,measured,main_geometry_table,0.0957,0.0885,0.0264,0.1434,3,False,0.29570568,0.0
507,3000,61.0,4.0,2.0,6.0,22.0,7.0,5.0,5.0,25.0,0.7,25.0,8.0,8.0,3.0,5.0,22.0,3.0,16.3,2.8866289909345748e-05,0.8,True,True,0.0796125,measured,main_geometry_table,0.0693,0.0829333333333333,0.0647,0.1148,3,False,0.29570568,0.0
507,3500,61.0,4.0,2.0,6.0,22.0,7.0,5.0,5.0,25.0,0.7,25.0,8.0,8.0,3.0,5.0,22.0,3.0,16.3,2.8866289909345748e-05,0.8,True,True,0.0796125,measured,main_geometry_table,0.0613,0.0613,0.0,0.1226,2,False,0.29570568,0.0
507,4000,61.0,4.0,2.0,6.0,22.0,7.0,5.0,5.0,25.0,0.7,25.0,8.0,8.0,3.0,5.0,22.0,3.0,16.3,2.8866289909345748e-05,0.8,True,True,0.0971285714285714,measured,main_geometry_table,0.1572,0.1206666666666666,0.0443,0.1605,3,False,0.29570568,0.0
507,4500,61.0,4.0,2.0,6.0,22.0,7.0,5.0,5.0,25.0,0.7,25.0,8.0,8.0,3.0,5.0,22.0,3.0,16.3,2.8866289909345748e-05,0.8,True,True,0.0971285714285714,measured,main_geometry_table,0.0728,0.0795333333333333,0.0573,0.1085,3,False,0.29907559,0.02381725
507,5000,61.0,4.0,2.0,6.0,22.0,7.0,5.0,5.0,25.0,0.7,25.0,8.0,8.0,3.0,5.0,22.0,3.0,16.3,2.8866289909345748e-05,0.8,True,True,0.0971285714285714,measured,main_geometry_table,0.0793,0.0793,0.0793,0.0793,1,False,0.31334362,0.12465851
507,5500,61.0,4.0,2.0,6.0,22.0,7.0,5.0,5.0,25.0,0.7,25.0,8.0,8.0,3.0,5.0,22.0,3.0,16.3,2.8866289909345748e-05,0.8,True,True,0.11075,measured,main_geometry_table,0.1116,0.1116,0.1116,0.1116,1,False,0.33539949,0.28054129
507,6000,61.0,4.0,2.0,6.0,22.0,7.0,5.0,5.0,25.0,0.7,25.0,8.0,8.0,3.0,5.0,22.0,3.0,16.3,2.8866289909345748e-05,0.8,True,True,0.11075,measured,main_geometry_table,0.1109,0.1104666666666666,0.1074,0.1131,3,False,0.36129904,0.46358985
515,2000,61.0,5.0,2.5,5.0,18.0,7.0,9.0,6.0,23.0,0.7,29.0,15.0,11.0,8.0,5.0,12.0,12.0,19.7,3.410284209979061e-05,1.0,True,True,0.1106125,measured,main_geometry_table,0.1138499999999999,0.1138499999999999,0.0384,0.1893,2,False,0.29570568,0.0
515,2500,61.0,5.0,2.5,5.0,18.0,7.0,9.0,6.0,23.0,0.7,29.0,15.0,11.0,8.0,5.0,12.0,12.0,19.7,3.410284209979061e-05,1.0,True,True,0.1106125,measured,main_geometry_table,0.1603,0.1603,0.16,0.1606,2,False,0.29570568,0.0
515,3000,61.0,5.0,2.5,5.0,18.0,7.0,9.0,6.0,23.0,0.7,29.0,15.0,11.0,8.0,5.0,12.0,12.0,19.7,3.410284209979061e-05,1.0,True,True,0.1106125,measured,main_geometry_table,0.1028,0.1028,0.091,0.1146,2,False,0.29570568,0.0
515,3500,61.0,5.0,2.5,5.0,18.0,7.0,9.0,6.0,23.0,0.7,29.0,15.0,11.0,8.0,5.0,12.0,12.0,19.7,3.410284209979061e-05,1.0,True,True,0.1106125,measured,main_geometry_table,0.0655,0.0655,0.0532,0.0778,2,False,0.33626557,0.28666248
515,4000,61.0,5.0,2.5,5.0,18.0,7.0,9.0,6.0,23.0,0.7,29.0,15.0,11.0,8.0,5.0,12.0,12.0,19.7,3.410284209979061e-05,1.0,True,True,0.1830666666666666,measured,main_geometry_table,0.1765,0.1830666666666666,0.1519,0.2208,3,False,0.49061311,1.37753441
515,4500,61.0,5.0,2.5,5.0,18.0,7.0,9.0,6.0,23.0,0.7,29.0,15.0,11.0,8.0,5.0,12.0,12.0,19.7,3.410284209979061e-05,1.0,True,True,0.92703,measured,main_geometry_table,1.3839,1.3839,1.3674,1.4004,2,False,0.71199628,2.94218976
515,5000,61.0,5.0,2.5,5.0,18.0,7.0,9.0,6.0,23.0,0.7,29.0,15.0,11.0,8.0,5.0,12.0,12.0,19.7,3.410284209979061e-05,1.0,True,True,0.92703,measured,main_geometry_table,1.4816,1.5954333333333333,1.4593,1.8454,3,False,0.97067341,4.77042509
515,5500,61.0,5.0,2.5,5.0,18.0,7.0,9.0,6.0,23.0,0.7,29.0,15.0,11.0,8.0,5.0,12.0,12.0,19.7,3.410284209979061e-05,1.0,True,True,0.92703,measured,main_geometry_table,0.3099,0.3726666666666667,0.2786,0.5295,3,False,1.2525658,6.76273743
515,6000,61.0,5.0,2.5,5.0,18.0,7.0,9.0,6.0,23.0,0.7,29.0,15.0,11.0,8.0,5.0,12.0,12.0,19.7,3.410284209979061e-05,1.0,True,True,0.92703,measured,main_geometry_table,0.2991,0.2991,0.2816,0.3166,2,False,1.54991997,8.864328
538,1500,74.0,4.0,2.0,3.0,22.0,5.0,3.0,9.0,22.0,0.3,25.0,16.0,13.0,2.0,8.0,10.0,5.0,15.5,3.608006763746333e-05,1.0,True,True,0.1119,measured,main_geometry_table,0.1173,0.1119,0.0541,0.1643,3,False,0.29570568,0.0
538,2000,74.0,4.0,2.0,3.0,22.0,5.0,3.0,9.0,22.0,0.3,25.0,16.0,13.0,2.0,8.0,10.0,5.0,15.5,3.608006763746333e-05,1.0,True,True,0.1239,measured,main_geometry_table,0.1061,0.1239,0.0606,0.205,3,False,0.29570568,0.0
538,2500,74.0,4.0,2.0,3.0,22.0,5.0,3.0,9.0,22.0,0.3,25.0,16.0,13.0,2.0,8.0,10.0,5.0,15.5,3.608006763746333e-05,1.0,True,True,0.16985,measured,main_geometry_table,0.2684,0.2684,0.2684,0.2684,1,False,0.29570568,0.0
538,3000,74.0,4.0,2.0,3.0,22.0,5.0,3.0,9.0,22.0,0.3,25.0,16.0,13.0,2.0,8.0,10.0,5.0,15.5,3.608006763746333e-05,1.0,True,True,0.16985,measured,main_geometry_table,0.1043,0.1369999999999999,0.0111,0.2956,3,False,0.29816679,0.01739417
538,3500,74.0,4.0,2.0,3.0,22.0,5.0,3.0,9.0,22.0,0.3,25.0,16.0,13.0,2.0,8.0,10.0,5.0,15.5,3.608006763746333e-05,1.0,True,True,0.5934,measured,main_geometry_table,0.4787,0.5934,0.3526,0.9489,3,False,0.40612845,0.78042775
538,4000,74.0,4.0,2.0,3.0,22.0,5.0,3.0,9.0,22.0,0.3,25.0,16.0,13.0,2.0,8.0,10.0,5.0,15.5,3.608006763746333e-05,1.0,True,True,2.282375,measured,main_geometry_table,2.4065000000000003,2.4065000000000003,2.3683,2.4447,2,True,0.5546435,1.83007778
538,4500,74.0,4.0,2.0,3.0,22.0,5.0,3.0,9.0,22.0,0.3,25.0,16.0,13.0,2.0,8.0,10.0,5.0,15.5,3.608006763746333e-05,1.0,True,True,2.282375,measured,main_geometry_table,2.15825,2.15825,2.0572,2.2593,2,False,0.67930903,2.71116817
538,5000,74.0,4.0,2.0,3.0,22.0,5.0,3.0,9.0,22.0,0.3,25.0,16.0,13.0,2.0,8.0,10.0,5.0,15.5,3.608006763746333e-05,1.0,True,True,2.4863,measured,main_geometry_table,2.5342,2.5342,2.5342,2.5342,1,True,0.78267644,3.44173127
538,5500,74.0,4.0,2.0,3.0,22.0,5.0,3.0,9.0,22.0,0.3,25.0,16.0,13.0,2.0,8.0,10.0,5.0,15.5,3.608006763746333e-05,1.0,True,True,2.4863,measured,main_geometry_table,2.4384,2.4384,2.4384,2.4384,1,True,0.87247817,4.07641702
561,1500,80.0,4.0,2.0,3.0,10.0,2.0,0.0,11.0,21.0,0.6,11.0,4.0,10.0,8.0,7.0,11.0,4.0,5.0,1.947049376644827e-05,0.6333,True,True,0.2098499999999999,measured,main_geometry_table,0.2098499999999999,0.2098499999999999,0.1737,0.246,2,False,,
561,2000,80.0,4.0,2.0,3.0,10.0,2.0,0.0,11.0,21.0,0.6,11.0,4.0,10.0,8.0,7.0,11.0,4.0,5.0,1.947049376644827e-05,0.6333,True,True,0.2878666666666666,measured,main_geometry_table,0.2529,0.2878666666666666,0.2011,0.4096,3,False,,
561,2500,80.0,4.0,2.0,3.0,10.0,2.0,0.0,11.0,21.0,0.6,11.0,4.0,10.0,8.0,7.0,11.0,4.0,5.0,1.947049376644827e-05,0.6333,True,True,0.3513285714285714,measured,main_geometry_table,0.5716,0.5716,0.5716,0.5716,1,False,,
561,3000,80.0,4.0,2.0,3.0,10.0,2.0,0.0,11.0,21.0,0.6,11.0,4.0,10.0,8.0,7.0,11.0,4.0,5.0,1.947049376644827e-05,0.6333,True,True,0.3513285714285714,measured,main_geometry_table,0.30615,0.30615,0.2443,0.368,2,False,,
561,3500,80.0,4.0,2.0,3.0,10.0,2.0,0.0,11.0,21.0,0.6,11.0,4.0,10.0,8.0,7.0,11.0,4.0,5.0,1.947049376644827e-05,0.6333,True,True,0.3513285714285714,measured,main_geometry_table,0.3017,0.3017,0.3017,0.3017,1,False,,
561,4000,80.0,4.0,2.0,3.0,10.0,2.0,0.0,11.0,21.0,0.6,11.0,4.0,10.0,8.0,7.0,11.0,4.0,5.0,1.947049376644827e-05,0.6333,True,True,0.3513285714285714,measured,main_geometry_table,0.3433,0.3245666666666666,0.2428,0.3876,3,False,,
628,2000,79.0,4.0,2.0,5.0,22.0,3.0,2.0,7.0,18.0,0.4,28.0,15.0,21.0,7.0,8.0,13.0,3.0,33.5,8.501996965378913e-05,1.0,True,True,0.053375,measured,main_geometry_table,0.05545,0.05545,0.0492,0.0617,2,False,0.29570568,0.0
628,2500,79.0,4.0,2.0,5.0,22.0,3.0,2.0,7.0,18.0,0.4,28.0,15.0,21.0,7.0,8.0,13.0,3.0,33.5,8.501996965378913e-05,1.0,True,True,0.053375,measured,main_geometry_table,0.0513,0.0513,0.0045,0.0981,2,False,0.29570568,0.0
628,3000,79.0,4.0,2.0,5.0,22.0,3.0,2.0,7.0,18.0,0.4,28.0,15.0,21.0,7.0,8.0,13.0,3.0,33.5,8.501996965378913e-05,1.0,True,True,0.1039833333333333,measured,main_geometry_table,0.1481,0.1044666666666666,0.0097,0.1556,3,False,0.29570568,0.0
628,3500,79.0,4.0,2.0,5.0,22.0,3.0,2.0,7.0,18.0,0.4,28.0,15.0,21.0,7.0,8.0,13.0,3.0,33.5,8.501996965378913e-05,1.0,True,True,0.1039833333333333,measured,main_geometry_table,0.1118,0.1035,0.0643,0.1344,3,False,0.29570568,0.0
628,4000,79.0,4.0,2.0,5.0,22.0,3.0,2.0,7.0,18.0,0.4,28.0,15.0,21.0,7.0,8.0,13.0,3.0,33.5,8.501996965378913e-05,1.0,True,True,0.1626666666666666,measured,main_geometry_table,0.167,0.1626666666666666,0.053,0.268,3,False,0.35197206,0.39767018
628,4500,79.0,4.0,2.0,5.0,22.0,3.0,2.0,7.0,18.0,0.4,28.0,15.0,21.0,7.0,8.0,13.0,3.0,33.5,8.501996965378913e-05,1.0,True,True,1.155166666666667,measured,main_geometry_table,0.8786,1.155166666666667,0.1002,2.4867,3,True,0.56720342,1.91884676
628,5000,79.0,4.0,2.0,5.0,22.0,3.0,2.0,7.0,18.0,0.4,28.0,15.0,21.0,7.0,8.0,13.0,3.0,33.5,8.501996965378913e-05,1.0,True,True,2.32955,measured,main_geometry_table,2.32955,2.32955,2.1865,2.4726,2,True,0.8778274,4.11422344
685,1500,67.0,4.0,2.0,4.0,15.0,2.0,3.0,8.0,19.0,0.4,12.0,14.0,11.0,5.0,1.0,10.0,5.0,5.77515,1.679544890006336e-05,1.0,True,True,0.35945,measured,validation_sample,0.35945,0.35945,0.25,0.4689,2,False,0.29570568,0.0
685,2000,67.0,4.0,2.0,4.0,15.0,2.0,3.0,8.0,19.0,0.4,12.0,14.0,11.0,5.0,1.0,10.0,5.0,5.77515,1.679544890006336e-05,1.0,True,True,0.5251500000000001,measured,validation_sample,0.2515,0.5768666666666667,0.0204,1.4587,3,False,0.29570568,0.0
685,3000,67.0,4.0,2.0,4.0,15.0,2.0,3.0,8.0,19.0,0.4,12.0,14.0,11.0,5.0,1.0,10.0,5.0,5.77515,1.679544890006336e-05,1.0,True,True,0.5251500000000001,measured,validation_sample,0.37,0.37,0.37,0.37,1,False,0.34310677,0.33501357
685,5000,67.0,4.0,2.0,4.0,15.0,2.0,3.0,8.0,19.0,0.4,12.0,14.0,11.0,5.0,1.0,10.0,5.0,5.77515,1.679544890006336e-05,1.0,True,True,2.3822,measured,validation_sample,2.3822,2.3822,2.3822,2.3822,1,False,1.16228279,6.12465012
739,1500,61.0,4.0,2.0,3.0,13.0,4.0,0.0,9.0,19.0,0.5,10.0,6.0,10.0,3.0,6.0,10.0,5.0,3.6,9.57202642245193e-06,1.0,True,True,0.1424333333333333,measured,main_geometry_table,0.1357,0.1424333333333333,0.0585,0.2331,3,False,0.29570568,0.0
739,2000,61.0,4.0,2.0,3.0,13.0,4.0,0.0,9.0,19.0,0.5,10.0,6.0,10.0,3.0,6.0,10.0,5.0,3.6,9.57202642245193e-06,1.0,True,True,0.2137,measured,main_geometry_table,0.2137,0.2137,0.17,0.2574,2,False,0.29570568,0.0
739,2500,61.0,4.0,2.0,3.0,13.0,4.0,0.0,9.0,19.0,0.5,10.0,6.0,10.0,3.0,6.0,10.0,5.0,3.6,9.57202642245193e-06,1.0,True,True,0.25095,measured,main_geometry_table,0.2966,0.2966,0.1788,0.4144,2,False,0.29570568,0.0
739,3000,61.0,4.0,2.0,3.0,13.0,4.0,0.0,9.0,19.0,0.5,10.0,6.0,10.0,3.0,6.0,10.0,5.0,3.6,9.57202642245193e-06,1.0,True,True,0.25095,measured,main_geometry_table,0.2706,0.3482333333333333,0.2663,0.5078,3,False,0.29570568,0.0
739,3500,61.0,4.0,2.0,3.0,13.0,4.0,0.0,9.0,19.0,0.5,10.0,6.0,10.0,3.0,6.0,10.0,5.0,3.6,9.57202642245193e-06,1.0,True,True,0.25095,measured,main_geometry_table,0.1488,0.1232333333333333,0.0402,0.1807,3,False,0.2995953,0.02749036
739,4000,61.0,4.0,2.0,3.0,13.0,4.0,0.0,9.0,19.0,0.5,10.0,6.0,10.0,3.0,6.0,10.0,5.0,3.6,9.57202642245193e-06,1.0,True,True,0.6182714285714287,measured,main_geometry_table,1.464,1.071,0.1725,1.5765,3,False,0.34295289,0.333926
739,4500,61.0,4.0,2.0,3.0,13.0,4.0,0.0,9.0,19.0,0.5,10.0,6.0,10.0,3.0,6.0,10.0,5.0,3.6,9.57202642245193e-06,1.0,True,True,0.6182714285714287,measured,main_geometry_table,0.31155,0.31155,0.2321,0.391,2,False,0.39445448,0.69792036
739,5000,61.0,4.0,2.0,3.0,13.0,4.0,0.0,9.0,19.0,0.5,10.0,6.0,10.0,3.0,6.0,10.0,5.0,3.6,9.57202642245193e-06,1.0,True,True,0.6182714285714287,measured,main_geometry_table,0.2477,0.2477,0.2477,0.2477,1,False,0.44246939,1.03727221
739,5500,61.0,4.0,2.0,3.0,13.0,4.0,0.0,9.0,19.0,0.5,10.0,6.0,10.0,3.0,6.0,10.0,5.0,3.6,9.57202642245193e-06,1.0,True,True,0.6182714285714287,measured,main_geometry_table,0.2441,0.2441,0.2441,0.2441,1,False,0.48679203,1.35052841
806,1500,76.0,4.0,2.0,4.0,24.0,7.0,8.0,7.0,18.0,0.7,17.0,9.0,15.0,3.0,6.0,10.0,9.0,11.9,3.444407342317826e-05,1.0,True,True,0.16215,measured,main_geometry_table,0.16215,0.16215,0.1372,0.1871,2,False,0.29570568,0.0
806,2000,76.0,4.0,2.0,4.0,24.0,7.0,8.0,7.0,18.0,0.7,17.0,9.0,15.0,3.0,6.0,10.0,9.0,11.9,3.444407342317826e-05,1.0,True,True,0.1931666666666666,measured,main_geometry_table,0.2111,0.1931666666666666,0.1286,0.2398,3,False,0.29570568,0.0
806,2500,76.0,4.0,2.0,4.0,24.0,7.0,8.0,7.0,18.0,0.7,17.0,9.0,15.0,3.0,6.0,10.0,9.0,11.9,3.444407342317826e-05,1.0,True,True,0.3406666666666667,measured,main_geometry_table,0.4847,0.4748666666666667,0.443,0.4969,3,False,0.29570568,0.0
806,3000,76.0,4.0,2.0,4.0,24.0,7.0,8.0,7.0,18.0,0.7,17.0,9.0,15.0,3.0,6.0,10.0,9.0,11.9,3.444407342317826e-05,1.0,True,True,0.3406666666666667,measured,main_geometry_table,0.2124,0.2064666666666666,0.1297,0.2773,3,False,0.37936855,0.59129854
806,3500,76.0,4.0,2.0,4.0,24.0,7.0,8.0,7.0,18.0,0.7,17.0,9.0,15.0,3.0,6.0,10.0,9.0,11.9,3.444407342317826e-05,1.0,True,True,0.3480333333333333,measured,main_geometry_table,0.3496,0.3480333333333333,0.3374,0.3571,3,False,0.62415112,2.32133222
806,4000,76.0,4.0,2.0,4.0,24.0,7.0,8.0,7.0,18.0,0.7,17.0,9.0,15.0,3.0,6.0,10.0,9.0,11.9,3.444407342317826e-05,1.0,True,True,0.34945,measured,main_geometry_table,0.34945,0.34945,0.2656,0.4333,2,False,0.92111029,4.42013107
859,1500,65.0,4.0,2.0,3.0,20.0,3.0,5.0,11.0,20.0,0.6,12.0,13.0,17.0,2.0,2.0,12.0,3.0,5.6,1.5007877867335784e-05,1.0,True,True,0.23582,measured,main_geometry_table,0.2961,0.2961,0.2323,0.3599,2,False,0.29570568,0.0
859,2000,65.0,4.0,2.0,3.0,20.0,3.0,5.0,11.0,20.0,0.6,12.0,13.0,17.0,2.0,2.0,12.0,3.0,5.6,1.5007877867335784e-05,1.0,True,True,0.23582,measured,main_geometry_table,0.2332,0.1956333333333333,0.1086,0.2451,3,False,0.29570568,0.0
859,2500,65.0,4.0,2.0,3.0,20.0,3.0,5.0,11.0,20.0,0.6,12.0,13.0,17.0,2.0,2.0,12.0,3.0,5.6,1.5007877867335784e-05,1.0,True,True,0.2611,measured,main_geometry_table,0.2502,0.2611,0.2145,0.3186,3,False,0.29570568,0.0
859,3000,65.0,4.0,2.0,3.0,20.0,3.0,5.0,11.0,20.0,0.6,12.0,13.0,17.0,2.0,2.0,12.0,3.0,5.6,1.5007877867335784e-05,1.0,True,True,0.3887333333333333,measured,main_geometry_table,0.3922,0.3887333333333333,0.2029,0.5711,3,False,0.29570568,0.0
859,3500,65.0,4.0,2.0,3.0,20.0,3.0,5.0,11.0,20.0,0.6,12.0,13.0,17.0,2.0,2.0,12.0,3.0,5.6,1.5007877867335784e-05,1.0,True,True,0.4669399999999999,measured,main_geometry_table,0.3761,0.4988333333333333,0.2631,0.8573,3,False,0.39909478,0.73071632
859,4000,65.0,4.0,2.0,3.0,20.0,3.0,5.0,11.0,20.0,0.6,12.0,13.0,17.0,2.0,2.0,12.0,3.0,5.6,1.5007877867335784e-05,1.0,True,True,0.4669399999999999,measured,main_geometry_table,0.4191,0.4191,0.3264,0.5118,2,False,0.62630098,2.33652669
859,5000,65.0,4.0,2.0,3.0,20.0,3.0,5.0,11.0,20.0,0.6,12.0,13.0,17.0,2.0,2.0,12.0,3.0,5.6,1.5007877867335784e-05,1.0,True,True,2.0002500000000003,measured,main_geometry_table,2.4681,2.4681,2.4681,2.4681,1,True,1.07438247,5.50340285
859,6000,65.0,4.0,2.0,3.0,20.0,3.0,5.0,11.0,20.0,0.6,12.0,13.0,17.0,2.0,2.0,12.0,3.0,5.6,1.5007877867335784e-05,1.0,True,True,2.0002500000000003,measured,main_geometry_table,1.5324,1.5324,1.5324,1.5324,1,False,1.46074468,8.23406967
866,1500,78.0,4.0,2.0,3.0,23.0,7.0,1.0,11.0,23.0,0.4,23.0,11.0,23.0,7.0,3.0,11.0,6.0,16.8,4.5780023144324726e-05,1.0,True,True,0.1811666666666666,measured,main_geometry_table,0.1823,0.1811666666666666,0.125,0.2362,3,False,0.29570568,0.0
866,2000,78.0,4.0,2.0,3.0,23.0,7.0,1.0,11.0,23.0,0.4,23.0,11.0,23.0,7.0,3.0,11.0,6.0,16.8,4.5780023144324726e-05,1.0,True,True,0.2397666666666666,measured,main_geometry_table,0.3251,0.3241666666666666,0.2511,0.3963,3,False,0.29570568,0.0
866,2500,78.0,4.0,2.0,3.0,23.0,7.0,1.0,11.0,23.0,0.4,23.0,11.0,23.0,7.0,3.0,11.0,6.0,16.8,4.5780023144324726e-05,1.0,True,True,0.2397666666666666,measured,main_geometry_table,0.1831,0.1827666666666666,0.1076,0.2576,3,False,0.29570568,0.0
866,3000,78.0,4.0,2.0,3.0,23.0,7.0,1.0,11.0,23.0,0.4,23.0,11.0,23.0,7.0,3.0,11.0,6.0,16.8,4.5780023144324726e-05,1.0,True,True,0.2397666666666666,measured,main_geometry_table,0.267,0.2123666666666666,0.0108,0.3593,3,False,0.29570568,0.0
866,3500,78.0,4.0,2.0,3.0,23.0,7.0,1.0,11.0,23.0,0.4,23.0,11.0,23.0,7.0,3.0,11.0,6.0,16.8,4.5780023144324726e-05,1.0,True,True,0.3568166666666667,measured,main_geometry_table,0.4303,0.4244666666666667,0.3731,0.47,3,False,0.29570568,0.0
866,4000,78.0,4.0,2.0,3.0,23.0,7.0,1.0,11.0,23.0,0.4,23.0,11.0,23.0,7.0,3.0,11.0,6.0,16.8,4.5780023144324726e-05,1.0,True,True,0.3568166666666667,measured,main_geometry_table,0.2682,0.2891666666666666,0.2443,0.355,3,False,0.29570568,0.0
866,4500,78.0,4.0,2.0,3.0,23.0,7.0,1.0,11.0,23.0,0.4,23.0,11.0,23.0,7.0,3.0,11.0,6.0,16.8,4.5780023144324726e-05,1.0,True,True,0.4448333333333333,measured,main_geometry_table,0.4484,0.5572333333333334,0.3272,0.8961,3,False,0.29570568,0.0
866,5000,78.0,4.0,2.0,3.0,23.0,7.0,1.0,11.0,23.0,0.4,23.0,11.0,23.0,7.0,3.0,11.0,6.0,16.8,4.5780023144324726e-05,1.0,True,True,0.4448333333333333,measured,main_geometry_table,0.3536,0.3324333333333333,0.2475,0.3962,3,False,0.31132281,0.11037614
866,5500,78.0,4.0,2.0,3.0,23.0,7.0,1.0,11.0,23.0,0.4,23.0,11.0,23.0,7.0,3.0,11.0,6.0,16.8,4.5780023144324726e-05,1.0,True,True,1.7465,measured,main_geometry_table,1.7465,1.7465,1.7465,1.7465,1,False,0.43646317,0.99482248
868,1500,79.0,4.0,2.0,3.0,20.0,3.0,1.0,8.0,24.0,0.4,13.0,9.0,18.0,3.0,7.0,12.0,3.0,8.16053,3.101297582916866e-05,1.0,True,True,0.2678,measured,validation_sample,0.3156,0.3156,0.3156,0.3156,1,False,0.29570568,0.0
868,2000,79.0,4.0,2.0,3.0,20.0,3.0,1.0,8.0,24.0,0.4,13.0,9.0,18.0,3.0,7.0,12.0,3.0,8.16053,3.101297582916866e-05,1.0,True,True,0.2678,measured,validation_sample,0.229,0.229,0.229,0.229,1,False,0.29570568,0.0
868,2500,79.0,4.0,2.0,3.0,20.0,3.0,1.0,8.0,24.0,0.4,13.0,9.0,18.0,3.0,7.0,12.0,3.0,8.16053,3.101297582916866e-05,1.0,True,True,0.2678,measured,validation_sample,0.2588,0.2588,0.2588,0.2588,1,False,0.29570568,0.0
868,3500,79.0,4.0,2.0,3.0,20.0,3.0,1.0,8.0,24.0,0.4,13.0,9.0,18.0,3.0,7.0,12.0,3.0,8.16053,3.101297582916866e-05,1.0,True,True,0.4155333333333333,measured,validation_sample,0.4634,0.4634,0.4634,0.4634,1,False,0.31344129,0.12534877
868,4000,79.0,4.0,2.0,3.0,20.0,3.0,1.0,8.0,24.0,0.4,13.0,9.0,18.0,3.0,7.0,12.0,3.0,8.16053,3.101297582916866e-05,1.0,True,True,0.4155333333333333,measured,validation_sample,0.3916,0.3916,0.3844,0.3988,2,False,0.40698459,0.78647861
868,4500,79.0,4.0,2.0,3.0,20.0,3.0,1.0,8.0,24.0,0.4,13.0,9.0,18.0,3.0,7.0,12.0,3.0,8.16053,3.101297582916866e-05,1.0,True,True,1.2367,measured,validation_sample,1.2367,1.2367,1.2367,1.2367,1,False,0.51252748,1.53241717
868,6000,79.0,4.0,2.0,3.0,20.0,3.0,1.0,8.0,24.0,0.4,13.0,9.0,18.0,3.0,7.0,12.0,3.0,8.16053,3.101297582916866e-05,1.0,True,True,2.3808,measured,validation_sample,2.3808,2.3808,2.3808,2.3808,1,False,0.80187299,3.57740542
885,1500,68.0,4.0,2.0,6.0,20.0,5.0,6.0,6.0,24.0,0.7,24.0,13.0,8.0,5.0,6.0,13.0,5.0,17.4,3.55759539278521e-05,0.8,True,True,0.1212909090909091,measured,main_geometry_table,0.1823,0.2401666666666666,0.1539,0.3843,3,False,0.29570568,0.0
885,2000,68.0,4.0,2.0,6.0,20.0,5.0,6.0,6.0,24.0,0.7,24.0,13.0,8.0,5.0,6.0,13.0,5.0,17.4,3.55759539278521e-05,0.8,True,False,0.1212909090909091,measured,main_geometry_table,0.03925,0.03925,0.0287,0.0498,2,False,0.29570568,0.0
885,2500,68.0,4.0,2.0,6.0,20.0,5.0,6.0,6.0,24.0,0.7,24.0,13.0,8.0,5.0,6.0,13.0,5.0,17.4,3.55759539278521e-05,0.8,True,True,0.1212909090909091,measured,main_geometry_table,0.1028,0.1028,0.0726,0.133,2,False,0.29572779,0.00015621
885,3000,68.0,4.0,2.0,6.0,20.0,5.0,6.0,6.0,24.0,0.7,24.0,13.0,8.0,5.0,6.0,13.0,5.0,17.4,3.55759539278521e-05,0.8,True,True,0.1212909090909091,measured,main_geometry_table,0.04535,0.04535,0.0244,0.0663,2,False,0.36947229,0.52135543
885,3500,68.0,4.0,2.0,6.0,20.0,5.0,6.0,6.0,24.0,0.7,24.0,13.0,8.0,5.0,6.0,13.0,5.0,17.4,3.55759539278521e-05,0.8,True,True,0.1212909090909091,measured,main_geometry_table,0.11945,0.11945,0.0,0.2389,2,False,0.55657178,1.84370622
885,4000,68.0,4.0,2.0,6.0,20.0,5.0,6.0,6.0,24.0,0.7,24.0,13.0,8.0,5.0,6.0,13.0,5.0,17.4,3.55759539278521e-05,0.8,True,True,0.45675,measured,main_geometry_table,0.45675,0.45675,0.0471,0.8664,2,False,0.79370389,3.51966923
885,4500,68.0,4.0,2.0,6.0,20.0,5.0,6.0,6.0,24.0,0.7,24.0,13.0,8.0,5.0,6.0,13.0,5.0,17.4,3.55759539278521e-05,0.8,True,True,1.8608,measured,main_geometry_table,1.8608,1.8608,1.8608,1.8608,1,False,1.05652967,5.37722578
885,5500,68.0,4.0,2.0,6.0,20.0,5.0,6.0,6.0,24.0,0.7,24.0,13.0,8.0,5.0,6.0,13.0,5.0,17.4,3.55759539278521e-05,0.8,True,True,2.3639,measured,main_geometry_table,2.3639,2.3639,2.3639,2.3639,1,False,1.61920754,9.35402723
885,6000,68.0,4.0,2.0,6.0,20.0,5.0,6.0,6.0,24.0,0.7,24.0,13.0,8.0,5.0,6.0,13.0,5.0,17.4,3.55759539278521e-05,0.8,True,True,2.3784,measured,main_geometry_table,2.3784,2.3784,2.3784,2.3784,1,False,1.90780311,11.39371522
953,1500,63.0,5.0,2.5,3.0,24.0,8.0,3.0,6.0,22.0,0.3,13.0,16.0,21.0,4.0,5.0,11.0,13.0,8.5,2.2577914318228013e-05,0.8333,True,True,0.1826333333333333,measured,main_geometry_table,0.2663,0.2278,0.0423,0.3748,3,False,0.29570568,0.0
953,2000,63.0,5.0,2.5,3.0,24.0,8.0,3.0,6.0,22.0,0.3,13.0,16.0,21.0,4.0,5.0,11.0,13.0,8.5,2.2577914318228013e-05,0.8333,True,True,0.1826333333333333,measured,main_geometry_table,0.1828,0.1963,0.1509,0.2552,3,False,0.29570568,0.0
953,2500,63.0,5.0,2.5,3.0,24.0,8.0,3.0,6.0,22.0,0.3,13.0,16.0,21.0,4.0,5.0,11.0,13.0,8.5,2.2577914318228013e-05,0.8333,True,True,0.1826333333333333,measured,main_geometry_table,0.1098,0.1238,0.0467,0.2149,3,False,0.29570568,0.0
953,3000,63.0,5.0,2.5,3.0,24.0,8.0,3.0,6.0,22.0,0.3,13.0,16.0,21.0,4.0,5.0,11.0,13.0,8.5,2.2577914318228013e-05,0.8333,True,True,0.6846166666666668,measured,main_geometry_table,1.0837,0.9906333333333334,0.4093,1.4789,3,False,0.29570568,0.0
953,3500,63.0,5.0,2.5,3.0,24.0,8.0,3.0,6.0,22.0,0.3,13.0,16.0,21.0,4.0,5.0,11.0,13.0,8.5,2.2577914318228013e-05,0.8333,True,True,0.6846166666666668,measured,main_geometry_table,0.3072,0.3786,0.2167,0.6119,3,False,0.29570568,0.0
953,5000,63.0,5.0,2.5,3.0,24.0,8.0,3.0,6.0,22.0,0.3,13.0,16.0,21.0,4.0,5.0,11.0,13.0,8.5,2.2577914318228013e-05,0.8333,True,True,2.4753,measured,main_geometry_table,2.4753,2.4753,2.4753,2.4753,1,True,0.43752431,1.00232223
1093,1500,67.0,4.0,2.0,5.0,23.0,4.0,3.0,6.0,22.0,0.4,11.0,7.0,17.0,3.0,2.0,11.0,5.0,7.71885,2.04805433976002e-05,1.0,True,True,0.11185,measured,validation_sample,0.11185,0.11185,0.0189,0.2048,2,False,0.29570568,0.0
1093,2000,67.0,4.0,2.0,5.0,23.0,4.0,3.0,6.0,22.0,0.4,11.0,7.0,17.0,3.0,2.0,11.0,5.0,7.71885,2.04805433976002e-05,1.0,True,True,0.3996642857142857,measured,validation_sample,0.625,0.8684666666666666,0.6076,1.3728,3,False,0.29570568,0.0
1093,2500,67.0,4.0,2.0,5.0,23.0,4.0,3.0,6.0,22.0,0.4,11.0,7.0,17.0,3.0,2.0,11.0,5.0,7.71885,2.04805433976002e-05,1.0,True,True,0.3996642857142857,measured,validation_sample,0.2838,0.2067666666666666,0.0476,0.2889,3,False,0.29570568,0.0
1093,3000,67.0,4.0,2.0,5.0,23.0,4.0,3.0,6.0,22.0,0.4,11.0,7.0,17.0,3.0,2.0,11.0,5.0,7.71885,2.04805433976002e-05,1.0,True,True,0.3996642857142857,measured,validation_sample,0.33335,0.33335,0.3017,0.365,2,False,0.29570568,0.0
1093,3500,67.0,4.0,2.0,5.0,23.0,4.0,3.0,6.0,22.0,0.4,11.0,7.0,17.0,3.0,2.0,11.0,5.0,7.71885,2.04805433976002e-05,1.0,True,True,0.3996642857142857,measured,validation_sample,0.2103,0.2202666666666667,0.0,0.4505,3,False,0.29570568,0.0
1093,4000,67.0,4.0,2.0,5.0,23.0,4.0,3.0,6.0,22.0,0.4,11.0,7.0,17.0,3.0,2.0,11.0,5.0,7.71885,2.04805433976002e-05,1.0,True,True,0.3996642857142857,measured,validation_sample,0.228,0.3473666666666666,0.0872,0.7269,3,False,0.29570568,0.0
1232,1500,72.0,4.0,2.0,5.0,20.0,5.0,3.0,7.0,25.0,0.5,16.0,9.0,18.0,8.0,1.0,13.0,4.0,12.07799,3.298148772992959e-05,1.0,True,True,0.1070666666666666,measured,validation_sample,0.0819,0.1070666666666666,0.0,0.2393,3,False,0.29570568,0.0
1232,2000,72.0,4.0,2.0,5.0,20.0,5.0,3.0,7.0,25.0,0.5,16.0,9.0,18.0,8.0,1.0,13.0,4.0,12.07799,3.298148772992959e-05,1.0,True,True,0.1502,measured,validation_sample,0.189,0.1790666666666666,0.1543,0.1939,3,False,0.29570568,0.0
1232,2500,72.0,4.0,2.0,5.0,20.0,5.0,3.0,7.0,25.0,0.5,16.0,9.0,18.0,8.0,1.0,13.0,4.0,12.07799,3.298148772992959e-05,1.0,True,True,0.1502,measured,validation_sample,0.1069,0.1069,0.0386,0.1752,2,False,0.29570568,0.0
1232,3000,72.0,4.0,2.0,5.0,20.0,5.0,3.0,7.0,25.0,0.5,16.0,9.0,18.0,8.0,1.0,13.0,4.0,12.07799,3.298148772992959e-05,1.0,True,True,0.2126166666666666,measured,validation_sample,0.3722,0.3764,0.3342,0.4228,3,False,0.29570568,0.0
1232,3500,72.0,4.0,2.0,5.0,20.0,5.0,3.0,7.0,25.0,0.5,16.0,9.0,18.0,8.0,1.0,13.0,4.0,12.07799,3.298148772992959e-05,1.0,True,True,0.2126166666666666,measured,validation_sample,0.0542,0.1205,0.0463,0.261,3,False,0.29570568,0.0
1232,4000,72.0,4.0,2.0,5.0,20.0,5.0,3.0,7.0,25.0,0.5,16.0,9.0,18.0,8.0,1.0,13.0,4.0,12.07799,3.298148772992959e-05,1.0,True,True,0.2126166666666666,measured,validation_sample,0.1052,0.1763333333333333,0.0491,0.3747,3,False,0.29570568,0.0
1232,4500,72.0,4.0,2.0,5.0,20.0,5.0,3.0,7.0,25.0,0.5,16.0,9.0,18.0,8.0,1.0,13.0,4.0,12.07799,3.298148772992959e-05,1.0,True,True,0.2126166666666666,measured,validation_sample,0.2329,0.1772333333333333,0.0441,0.2547,3,False,0.29721619,0.01067571
1535,1500,78.0,4.0,2.0,3.0,13.0,4.0,5.0,8.0,25.0,0.3,30.0,15.0,13.0,7.0,0.0,25.0,5.0,22.2,6.651811659655914e-05,0.975,True,False,0.0263666666666666,measured,main_geometry_table,0.0338,0.0263666666666666,0.0,0.0453,3,False,0.29570568,0.0
1535,2000,78.0,4.0,2.0,3.0,13.0,4.0,5.0,8.0,25.0,0.3,30.0,15.0,13.0,7.0,0.0,25.0,5.0,22.2,6.651811659655914e-05,0.975,True,True,0.1011,measured,main_geometry_table,0.1011,0.1011,0.0803,0.1219,2,False,0.29570568,0.0
1535,2500,78.0,4.0,2.0,3.0,13.0,4.0,5.0,8.0,25.0,0.3,30.0,15.0,13.0,7.0,0.0,25.0,5.0,22.2,6.651811659655914e-05,0.975,True,True,0.1821333333333333,measured,main_geometry_table,0.2071,0.1821333333333333,0.1259,0.2134,3,False,0.29570568,0.0
1535,3000,78.0,4.0,2.0,3.0,13.0,4.0,5.0,8.0,25.0,0.3,30.0,15.0,13.0,7.0,0.0,25.0,5.0,22.2,6.651811659655914e-05,0.975,True,True,0.317125,measured,main_geometry_table,0.518,0.6192000000000001,0.3014,1.0382,3,False,0.29570568,0.0
1535,3500,78.0,4.0,2.0,3.0,13.0,4.0,5.0,8.0,25.0,0.3,30.0,15.0,13.0,7.0,0.0,25.0,5.0,22.2,6.651811659655914e-05,0.975,True,True,0.317125,measured,main_geometry_table,0.0997,0.0953,0.0,0.1862,3,False,0.29570568,0.0
1535,4000,78.0,4.0,2.0,3.0,13.0,4.0,5.0,8.0,25.0,0.3,30.0,15.0,13.0,7.0,0.0,25.0,5.0,22.2,6.651811659655914e-05,0.975,True,True,0.317125,measured,main_geometry_table,0.19675,0.19675,0.1079,0.2856,2,False,0.31192503,0.1146324
1535,4500,78.0,4.0,2.0,3.0,13.0,4.0,5.0,8.0,25.0,0.3,30.0,15.0,13.0,7.0,0.0,25.0,5.0,22.2,6.651811659655914e-05,0.975,True,True,0.7589333333333333,measured,main_geometry_table,0.4017,0.7589333333333333,0.3457,1.5294,3,False,0.4488604,1.08244156
1535,5000,78.0,4.0,2.0,3.0,13.0,4.0,5.0,8.0,25.0,0.3,30.0,15.0,13.0,7.0,0.0,25.0,5.0,22.2,6.651811659655914e-05,0.975,True,True,2.349371428571428,measured,main_geometry_table,2.4238,2.4346666666666668,2.389,2.4912,3,True,0.63146502,2.37302424
1535,5500,78.0,4.0,2.0,3.0,13.0,4.0,5.0,8.0,25.0,0.3,30.0,15.0,13.0,7.0,0.0,25.0,5.0,22.2,6.651811659655914e-05,0.975,True,True,2.349371428571428,measured,main_geometry_table,2.4282,2.4426666666666663,2.3921,2.5077,3,True,0.81514483,3.67120594
1535,6000,78.0,4.0,2.0,3.0,13.0,4.0,5.0,8.0,25.0,0.3,30.0,15.0,13.0,7.0,0.0,25.0,5.0,22.2,6.651811659655914e-05,0.975,True,True,2.349371428571428,measured,main_geometry_table,1.8136,1.8136,1.8136,1.8136,1,False,0.99000193,4.90703202
1805,1500,66.0,4.0,2.0,5.0,18.0,7.0,2.0,6.0,19.0,0.7,18.0,7.0,13.0,7.0,7.0,14.0,6.0,10.66787,2.5280606610778023e-05,1.0,True,True,0.1530999999999999,measured,validation_sample,0.2973,0.2973,0.2603,0.3343,2,False,0.29570568,0.0
1805,2000,66.0,4.0,2.0,5.0,18.0,7.0,2.0,6.0,19.0,0.7,18.0,7.0,13.0,7.0,7.0,14.0,6.0,10.66787,2.5280606610778023e-05,1.0,True,True,0.1530999999999999,measured,validation_sample,0.0567,0.0629333333333333,0.0454,0.0867,3,False,0.29570568,0.0
1805,2500,66.0,4.0,2.0,5.0,18.0,7.0,2.0,6.0,19.0,0.7,18.0,7.0,13.0,7.0,7.0,14.0,6.0,10.66787,2.5280606610778023e-05,1.0,True,True,0.1530999999999999,measured,validation_sample,0.14415,0.14415,0.1424,0.1459,2,False,0.29570568,0.0
1805,3000,66.0,4.0,2.0,5.0,18.0,7.0,2.0,6.0,19.0,0.7,18.0,7.0,13.0,7.0,7.0,14.0,6.0,10.66787,2.5280606610778023e-05,1.0,True,True,0.1766666666666666,measured,validation_sample,0.193,0.1766666666666666,0.0904,0.2466,3,False,0.29570568,0.0
1805,3500,66.0,4.0,2.0,5.0,18.0,7.0,2.0,6.0,19.0,0.7,18.0,7.0,13.0,7.0,7.0,14.0,6.0,10.66787,2.5280606610778023e-05,1.0,True,True,0.2696666666666666,measured,validation_sample,0.319,0.3094,0.2182,0.391,3,False,0.31065,0.10562099
1805,4000,66.0,4.0,2.0,5.0,18.0,7.0,2.0,6.0,19.0,0.7,18.0,7.0,13.0,7.0,7.0,14.0,6.0,10.66787,2.5280606610778023e-05,1.0,True,True,0.2696666666666666,measured,validation_sample,0.2394,0.2299333333333333,0.1488,0.3016,3,False,0.41811991,0.86517901
1805,4500,66.0,4.0,2.0,5.0,18.0,7.0,2.0,6.0,19.0,0.7,18.0,7.0,13.0,7.0,7.0,14.0,6.0,10.66787,2.5280606610778023e-05,1.0,True,True,0.3091,measured,validation_sample,0.3091,0.3091,0.2983,0.3199,2,False,0.56078568,1.87348848
2075,1500,67.0,4.0,2.0,4.0,18.0,6.0,4.0,6.0,19.0,0.6,16.0,6.0,9.0,5.0,4.0,13.0,6.0,7.11471,1.9005742176452177e-05,1.0,True,True,0.1253,measured,validation_sample,0.1431,0.1253,0.0772,0.1556,3,False,0.29570568,0.0
2075,2000,67.0,4.0,2.0,4.0,18.0,6.0,4.0,6.0,19.0,0.6,16.0,6.0,9.0,5.0,4.0,13.0,6.0,7.11471,1.9005742176452177e-05,1.0,True,True,0.3503,measured,validation_sample,0.3652,0.3503,0.2661,0.4196,3,False,0.29570568,0.0
2075,2500,67.0,4.0,2.0,4.0,18.0,6.0,4.0,6.0,19.0,0.6,16.0,6.0,9.0,5.0,4.0,13.0,6.0,7.11471,1.9005742176452177e-05,1.0,True,True,0.3976499999999999,measured,validation_sample,1.255,1.1661333333333332,0.9025,1.3409,3,False,0.29570568,0.0
2075,3000,67.0,4.0,2.0,4.0,18.0,6.0,4.0,6.0,19.0,0.6,16.0,6.0,9.0,5.0,4.0,13.0,6.0,7.11471,1.9005742176452177e-05,1.0,True,True,0.3976499999999999,measured,validation_sample,0.09395,0.09395,0.0693,0.1186,2,False,0.29570568,0.0
2075,3500,67.0,4.0,2.0,4.0,18.0,6.0,4.0,6.0,19.0,0.6,16.0,6.0,9.0,5.0,4.0,13.0,6.0,7.11471,1.9005742176452177e-05,1.0,True,True,0.3976499999999999,measured,validation_sample,0.1737,0.1737,0.1225,0.2249,2,False,0.30835039,0.08936814
2075,4000,67.0,4.0,2.0,4.0,18.0,6.0,4.0,6.0,19.0,0.6,16.0,6.0,9.0,5.0,4.0,13.0,6.0,7.11471,1.9005742176452177e-05,1.0,True,True,0.3976499999999999,measured,validation_sample,0.13955,0.13955,0.0842,0.1949,2,False,0.34546964,0.35171344
2075,4500,67.0,4.0,2.0,4.0,18.0,6.0,4.0,6.0,19.0,0.6,16.0,6.0,9.0,5.0,4.0,13.0,6.0,7.11471,1.9005742176452177e-05,1.0,True,True,0.3976499999999999,measured,validation_sample,0.1105,0.153,0.0611,0.2874,3,False,0.38409506,0.62470381
2075,5000,67.0,4.0,2.0,4.0,18.0,6.0,4.0,6.0,19.0,0.6,16.0,6.0,9.0,5.0,4.0,13.0,6.0,7.11471,1.9005742176452177e-05,1.0,True,True,0.5874,measured,validation_sample,0.3096,0.5874,0.1651,1.2875,3,False,0.41950702,0.87498257
2075,5500,67.0,4.0,2.0,4.0,18.0,6.0,4.0,6.0,19.0,0.6,16.0,6.0,9.0,5.0,4.0,13.0,6.0,7.11471,1.9005742176452177e-05,1.0,True,True,1.09875,measured,validation_sample,1.09875,1.09875,0.7069,1.4906,2,False,0.45177294,1.10302627
2310,1500,73.0,4.0,2.0,5.0,21.0,3.0,7.0,6.0,20.0,0.6,20.0,7.0,8.0,4.0,6.0,14.0,5.0,12.15009,3.1455481365695184e-05,0.95,True,True,0.2101,measured,validation_sample,0.2101,0.2101,0.159,0.2612,2,False,0.29570568,0.0
2310,2000,73.0,4.0,2.0,5.0,21.0,3.0,7.0,6.0,20.0,0.6,20.0,7.0,8.0,4.0,6.0,14.0,5.0,12.15009,3.1455481365695184e-05,0.95,True,True,0.2908,measured,validation_sample,0.0742,0.4845,0.0536,1.3257,3,False,0.29570568,0.0
2310,2500,73.0,4.0,2.0,5.0,21.0,3.0,7.0,6.0,20.0,0.6,20.0,7.0,8.0,4.0,6.0,14.0,5.0,12.15009,3.1455481365695184e-05,0.95,True,True,0.2908,measured,validation_sample,0.0755,0.0971,0.0514,0.1644,3,False,0.29570568,0.0
2310,3000,73.0,4.0,2.0,5.0,21.0,3.0,7.0,6.0,20.0,0.6,20.0,7.0,8.0,4.0,6.0,14.0,5.0,12.15009,3.1455481365695184e-05,0.95,True,True,0.4320374999999999,measured,validation_sample,0.4356,0.5799,0.1986,1.1055,3,False,0.29708599,0.00975551
2310,3500,73.0,4.0,2.0,5.0,21.0,3.0,7.0,6.0,20.0,0.6,20.0,7.0,8.0,4.0,6.0,14.0,5.0,12.15009,3.1455481365695184e-05,0.95,True,True,0.4320374999999999,measured,validation_sample,0.2694499999999999,0.2694499999999999,0.2537,0.2852,2,False,0.3112913,0.11015342
2310,4000,73.0,4.0,2.0,5.0,21.0,3.0,7.0,6.0,20.0,0.6,20.0,7.0,8.0,4.0,6.0,14.0,5.0,12.15009,3.1455481365695184e-05,0.95,True,True,0.4320374999999999,measured,validation_sample,0.4259,0.3925666666666667,0.3077,0.4441,3,False,0.33245119,0.25970378
2310,4500,73.0,4.0,2.0,5.0,21.0,3.0,7.0,6.0,20.0,0.6,20.0,7.0,8.0,4.0,6.0,14.0,5.0,12.15009,3.1455481365695184e-05,0.95,True,True,1.4035,measured,validation_sample,1.4035,1.4035,1.4035,1.4035,1,False,0.35403443,0.41224628
2310,5000,73.0,4.0,2.0,5.0,21.0,3.0,7.0,6.0,20.0,0.6,20.0,7.0,8.0,4.0,6.0,14.0,5.0,12.15009,3.1455481365695184e-05,0.95,True,True,1.7694,measured,validation_sample,1.7694,1.7694,1.7694,1.7694,1,False,0.37410738,0.5541145
3226,1500,75.0,4.0,2.0,3.0,17.0,8.0,2.0,10.0,25.0,0.6,24.0,11.0,14.0,6.0,7.0,13.0,7.0,12.80719,3.587159910598528e-05,1.0,True,True,0.1666285714285714,measured,validation_sample,0.19215,0.19215,0.1859,0.1984,2,False,0.29570568,0.0
3226,2000,75.0,4.0,2.0,3.0,17.0,8.0,2.0,10.0,25.0,0.6,24.0,11.0,14.0,6.0,7.0,13.0,7.0,12.80719,3.587159910598528e-05,1.0,True,True,0.1666285714285714,measured,validation_sample,0.26685,0.26685,0.2521,0.2816,2,False,0.29570568,0.0
3226,2500,75.0,4.0,2.0,3.0,17.0,8.0,2.0,10.0,25.0,0.6,24.0,11.0,14.0,6.0,7.0,13.0,7.0,12.80719,3.587159910598528e-05,1.0,True,True,0.1666285714285714,measured,validation_sample,0.092,0.0828,0.0582,0.0982,3,False,0.29570568,0.0
3226,3000,75.0,4.0,2.0,3.0,17.0,8.0,2.0,10.0,25.0,0.6,24.0,11.0,14.0,6.0,7.0,13.0,7.0,12.80719,3.587159910598528e-05,1.0,True,True,0.5714499999999999,measured,validation_sample,0.7254,0.6975666666666666,0.3106,1.0567,3,False,0.38228581,0.61191671
3226,3500,75.0,4.0,2.0,3.0,17.0,8.0,2.0,10.0,25.0,0.6,24.0,11.0,14.0,6.0,7.0,13.0,7.0,12.80719,3.587159910598528e-05,1.0,True,True,0.5714499999999999,measured,validation_sample,0.3232,0.4453333333333333,0.2269,0.7859,3,False,0.63891659,2.42568917
3226,4000,75.0,4.0,2.0,3.0,17.0,8.0,2.0,10.0,25.0,0.6,24.0,11.0,14.0,6.0,7.0,13.0,7.0,12.80719,3.587159910598528e-05,1.0,True,True,1.991766666666667,measured,validation_sample,2.4863,1.991766666666667,0.9876,2.5014,3,True,0.94502692,4.58916511
3226,4500,75.0,4.0,2.0,3.0,17.0,8.0,2.0,10.0,25.0,0.6,24.0,11.0,14.0,6.0,7.0,13.0,7.0,12.80719,3.587159910598528e-05,1.0,True,True,2.4358,measured,validation_sample,2.4358,2.4358,2.419,2.4526,2,True,1.23150238,6.61386887
3243,1500,69.0,4.0,2.0,6.0,22.0,2.0,4.0,6.0,22.0,0.5,22.0,7.0,10.0,4.0,8.0,12.0,5.0,16.43415,3.375840940094028e-05,1.0,True,False,0.03955,measured,validation_sample,0.03955,0.03955,0.0334,0.0457,2,False,0.29570568,0.0
3243,2000,69.0,4.0,2.0,6.0,22.0,2.0,4.0,6.0,22.0,0.5,22.0,7.0,10.0,4.0,8.0,12.0,5.0,16.43415,3.375840940094028e-05,1.0,True,True,0.1709333333333333,measured,validation_sample,0.1657,0.2108666666666666,0.1542,0.3127,3,False,0.29570568,0.0
3243,2500,69.0,4.0,2.0,6.0,22.0,2.0,4.0,6.0,22.0,0.5,22.0,7.0,10.0,4.0,8.0,12.0,5.0,16.43415,3.375840940094028e-05,1.0,True,True,0.1709333333333333,measured,validation_sample,0.1032,0.131,0.0559,0.2339,3,False,0.29570568,0.0
3243,3000,69.0,4.0,2.0,6.0,22.0,2.0,4.0,6.0,22.0,0.5,22.0,7.0,10.0,4.0,8.0,12.0,5.0,16.43415,3.375840940094028e-05,1.0,True,True,0.2002363636363636,measured,validation_sample,0.2457,0.2396333333333333,0.1999,0.2733,3,False,0.29570568,0.0
3243,3500,69.0,4.0,2.0,6.0,22.0,2.0,4.0,6.0,22.0,0.5,22.0,7.0,10.0,4.0,8.0,12.0,5.0,16.43415,3.375840940094028e-05,1.0,True,True,0.2002363636363636,measured,validation_sample,0.2593,0.2573,0.2422,0.2704,3,False,0.29570568,0.0
3243,4000,69.0,4.0,2.0,6.0,22.0,2.0,4.0,6.0,22.0,0.5,22.0,7.0,10.0,4.0,8.0,12.0,5.0,16.43415,3.375840940094028e-05,1.0,True,True,0.2002363636363636,measured,validation_sample,0.1372,0.15,0.105,0.2078,3,False,0.2969532,0.00881699
3243,4500,69.0,4.0,2.0,6.0,22.0,2.0,4.0,6.0,22.0,0.5,22.0,7.0,10.0,4.0,8.0,12.0,5.0,16.43415,3.375840940094028e-05,1.0,True,True,0.2002363636363636,measured,validation_sample,0.0987,0.0987,0.0987,0.0987,1,False,0.30477425,0.06409334
3243,5000,69.0,4.0,2.0,6.0,22.0,2.0,4.0,6.0,22.0,0.5,22.0,7.0,10.0,4.0,8.0,12.0,5.0,16.43415,3.375840940094028e-05,1.0,True,True,0.2002363636363636,measured,validation_sample,0.1631,0.1631,0.1631,0.1631,1,False,0.31859746,0.16179071
3243,6000,69.0,4.0,2.0,6.0,22.0,2.0,4.0,6.0,22.0,0.5,22.0,7.0,10.0,4.0,8.0,12.0,5.0,16.43415,3.375840940094028e-05,1.0,True,True,0.2265,measured,validation_sample,0.2265,0.2265,0.2265,0.2265,1,False,0.35377569,0.41041759
